city,customer_id,apple_variety,year,month,tonnage
Riyadh,Lulu,fuji,2022,jan,74
Riyadh,Lulu,fuji,2022,feb,51
Riyadh,Lulu,fuji,2022,mar,111
Riyadh,Lulu,fuji,2022,apr,101
Riyadh,Lulu,fuji,2022,may,100
Riyadh,Lulu,fuji,2022,jun,48
Riyadh,Lulu,fuji,2022,jul,53
Riyadh,Lulu,fuji,2022,aug,82
Riyadh,Lulu,fuji,2022,sep,63
Riyadh,Lulu,fuji,2022,oct,112
Riyadh,Lulu,fuji,2022,nov,100
Riyadh,Lulu,fuji,2022,dec,70
Riyadh,Lulu,fuji,2023,jan,73
Riyadh,Lulu,fuji,2023,feb,56
Riyadh,Lulu,fuji,2023,mar,119
Riyadh,Lulu,fuji,2023,apr,93
Riyadh,Lulu,fuji,2023,may,115
Riyadh,Lulu,fuji,2023,jun,42
Riyadh,Lulu,fuji,2023,jul,52
Riyadh,Lulu,fuji,2023,aug,87
Riyadh,Lulu,fuji,2023,sep,68
Riyadh,Lulu,fuji,2023,oct,114
Riyadh,Lulu,fuji,2023,nov,110
Riyadh,Lulu,fuji,2023,dec,69
Riyadh,Lulu,fuji,2024,jan,78
Riyadh,Lulu,fuji,2024,feb,58
Riyadh,Lulu,fuji,2024,mar,112
Riyadh,Lulu,fuji,2024,apr,94
Riyadh,Lulu,fuji,2024,may,113
Riyadh,Lulu,fuji,2024,jun,46
Riyadh,Lulu,fuji,2024,jul,51
Riyadh,Lulu,fuji,2024,aug,98
Riyadh,Lulu,fuji,2024,sep,60
Riyadh,Lulu,fuji,2024,oct,114
Riyadh,Lulu,fuji,2024,nov,114
Riyadh,Lulu,fuji,2024,dec,76
Riyadh,Lulu,fuji,2025,jan,78
Riyadh,Lulu,fuji,2025,apr,94
Riyadh,Lulu,fuji,2025,may,106
Riyadh,Lulu,fuji,2025,aug,87
Riyadh,Lulu,golden_delicious,2022,jan,68
Riyadh,Lulu,golden_delicious,2022,feb,47
Riyadh,Lulu,golden_delicious,2022,mar,100
Riyadh,Lulu,golden_delicious,2022,apr,89
Riyadh,Lulu,golden_delicious,2022,may,101
Riyadh,Lulu,golden_delicious,2022,jun,39
Riyadh,Lulu,golden_delicious,2022,jul,48
Riyadh,Lulu,golden_delicious,2022,aug,73
Riyadh,Lulu,golden_delicious,2022,sep,58
Riyadh,Lulu,golden_delicious,2022,oct,99
Riyadh,Lulu,golden_delicious,2022,nov,90
Riyadh,Lulu,golden_delicious,2022,dec,68
Riyadh,Lulu,golden_delicious,2023,jan,59
Riyadh,Lulu,golden_delicious,2023,feb,48
Riyadh,Lulu,golden_delicious,2023,mar,104
Riyadh,Lulu,golden_delicious,2023,apr,87
Riyadh,Lulu,golden_delicious,2023,may,94
Riyadh,Lulu,golden_delicious,2023,jun,45
Riyadh,Lulu,golden_delicious,2023,jul,50
Riyadh,Lulu,golden_delicious,2023,aug,72
Riyadh,Lulu,golden_delicious,2023,sep,57
Riyadh,Lulu,golden_delicious,2023,oct,93
Riyadh,Lulu,golden_delicious,2023,nov,85
Riyadh,Lulu,golden_delicious,2023,dec,70
Riyadh,Lulu,golden_delicious,2024,jan,67
Riyadh,Lulu,golden_delicious,2024,feb,42
Riyadh,Lulu,golden_delicious,2024,mar,108
Riyadh,Lulu,golden_delicious,2024,apr,88
Riyadh,Lulu,golden_delicious,2024,may,100
Riyadh,Lulu,golden_delicious,2024,jun,39
Riyadh,Lulu,golden_delicious,2024,jul,48
Riyadh,Lulu,golden_delicious,2024,aug,68
Riyadh,Lulu,golden_delicious,2024,sep,50
Riyadh,Lulu,golden_delicious,2024,oct,88
Riyadh,Lulu,golden_delicious,2024,nov,84
Riyadh,Lulu,golden_delicious,2024,dec,64
Riyadh,Lulu,golden_delicious,2025,jan,59
Riyadh,Lulu,golden_delicious,2025,apr,81
Riyadh,Lulu,golden_delicious,2025,may,86
Riyadh,Lulu,golden_delicious,2025,aug,68
Riyadh,Lulu,granny_smith,2022,jan,62
Riyadh,Lulu,granny_smith,2022,feb,46
Riyadh,Lulu,granny_smith,2022,mar,96
Riyadh,Lulu,granny_smith,2022,apr,72
Riyadh,Lulu,granny_smith,2022,may,90
Riyadh,Lulu,granny_smith,2022,jun,42
Riyadh,Lulu,granny_smith,2022,jul,45
Riyadh,Lulu,granny_smith,2022,aug,70
Riyadh,Lulu,granny_smith,2022,sep,51
Riyadh,Lulu,granny_smith,2022,oct,87
Riyadh,Lulu,granny_smith,2022,nov,70
Riyadh,Lulu,granny_smith,2022,dec,56
Riyadh,Lulu,granny_smith,2023,jan,58
Riyadh,Lulu,granny_smith,2023,feb,41
Riyadh,Lulu,granny_smith,2023,mar,90
Riyadh,Lulu,granny_smith,2023,apr,84
Riyadh,Lulu,granny_smith,2023,may,80
Riyadh,Lulu,granny_smith,2023,jun,40
Riyadh,Lulu,granny_smith,2023,jul,43
Riyadh,Lulu,granny_smith,2023,aug,67
Riyadh,Lulu,granny_smith,2023,sep,47
Riyadh,Lulu,granny_smith,2023,oct,77
Riyadh,Lulu,granny_smith,2023,nov,66
Riyadh,Lulu,granny_smith,2023,dec,57
Riyadh,Lulu,granny_smith,2024,jan,57
Riyadh,Lulu,granny_smith,2024,feb,46
Riyadh,Lulu,granny_smith,2024,mar,99
Riyadh,Lulu,granny_smith,2024,apr,73
Riyadh,Lulu,granny_smith,2024,may,83
Riyadh,Lulu,granny_smith,2024,jun,39
Riyadh,Lulu,granny_smith,2024,jul,44
Riyadh,Lulu,granny_smith,2024,aug,70
Riyadh,Lulu,granny_smith,2024,sep,48
Riyadh,Lulu,granny_smith,2024,oct,89
Riyadh,Lulu,granny_smith,2024,nov,68
Riyadh,Lulu,granny_smith,2024,dec,56
Riyadh,Lulu,granny_smith,2025,jan,57
Riyadh,Lulu,granny_smith,2025,apr,65
Riyadh,Lulu,granny_smith,2025,may,72
Riyadh,Lulu,granny_smith,2025,aug,69
Riyadh,Lulu,pink_lady,2022,jan,62
Riyadh,Lulu,pink_lady,2022,feb,43
Riyadh,Lulu,pink_lady,2022,mar,83
Riyadh,Lulu,pink_lady,2022,apr,62
Riyadh,Lulu,pink_lady,2022,may,66
Riyadh,Lulu,pink_lady,2022,jun,44
Riyadh,Lulu,pink_lady,2022,jul,45
Riyadh,Lulu,pink_lady,2022,aug,57
Riyadh,Lulu,pink_lady,2022,sep,60
Riyadh,Lulu,pink_lady,2022,oct,84
Riyadh,Lulu,pink_lady,2022,nov,76
Riyadh,Lulu,pink_lady,2022,dec,54
Riyadh,Lulu,pink_lady,2023,jan,63
Riyadh,Lulu,pink_lady,2023,feb,48
Riyadh,Lulu,pink_lady,2023,mar,84
Riyadh,Lulu,pink_lady,2023,apr,66
Riyadh,Lulu,pink_lady,2023,may,66
Riyadh,Lulu,pink_lady,2023,jun,46
Riyadh,Lulu,pink_lady,2023,jul,53
Riyadh,Lulu,pink_lady,2023,aug,71
Riyadh,Lulu,pink_lady,2023,sep,66
Riyadh,Lulu,pink_lady,2023,oct,87
Riyadh,Lulu,pink_lady,2023,nov,76
Riyadh,Lulu,pink_lady,2023,dec,59
Riyadh,Lulu,pink_lady,2024,jan,68
Riyadh,Lulu,pink_lady,2024,feb,47
Riyadh,Lulu,pink_lady,2024,mar,87
Riyadh,Lulu,pink_lady,2024,apr,67
Riyadh,Lulu,pink_lady,2024,may,73
Riyadh,Lulu,pink_lady,2024,jun,48
Riyadh,Lulu,pink_lady,2024,jul,56
Riyadh,Lulu,pink_lady,2024,aug,68
Riyadh,Lulu,pink_lady,2024,sep,63
Riyadh,Lulu,pink_lady,2024,oct,89
Riyadh,Lulu,pink_lady,2024,nov,76
Riyadh,Lulu,pink_lady,2024,dec,60
Riyadh,Lulu,pink_lady,2025,jan,71
Riyadh,Lulu,pink_lady,2025,apr,74
Riyadh,Lulu,pink_lady,2025,may,74
Riyadh,Lulu,pink_lady,2025,aug,68
Riyadh,Lulu,royal_gala,2022,jan,67
Riyadh,Lulu,royal_gala,2022,feb,70
Riyadh,Lulu,royal_gala,2022,mar,109
Riyadh,Lulu,royal_gala,2022,apr,82
Riyadh,Lulu,royal_gala,2022,may,92
Riyadh,Lulu,royal_gala,2022,jun,50
Riyadh,Lulu,royal_gala,2022,jul,52
Riyadh,Lulu,royal_gala,2022,aug,77
Riyadh,Lulu,royal_gala,2022,sep,63
Riyadh,Lulu,royal_gala,2022,oct,114
Riyadh,Lulu,royal_gala,2022,nov,119
Riyadh,Lulu,royal_gala,2022,dec,96
Riyadh,Lulu,royal_gala,2023,jan,67
Riyadh,Lulu,royal_gala,2023,feb,73
Riyadh,Lulu,royal_gala,2023,mar,102
Riyadh,Lulu,royal_gala,2023,apr,90
Riyadh,Lulu,royal_gala,2023,may,102
Riyadh,Lulu,royal_gala,2023,jun,50
Riyadh,Lulu,royal_gala,2023,jul,60
Riyadh,Lulu,royal_gala,2023,aug,75
Riyadh,Lulu,royal_gala,2023,sep,62
Riyadh,Lulu,royal_gala,2023,oct,113
Riyadh,Lulu,royal_gala,2023,nov,122
Riyadh,Lulu,royal_gala,2023,dec,99
Riyadh,Lulu,royal_gala,2024,jan,71
Riyadh,Lulu,royal_gala,2024,feb,76
Riyadh,Lulu,royal_gala,2024,mar,109
Riyadh,Lulu,royal_gala,2024,apr,87
Riyadh,Lulu,royal_gala,2024,may,99
Riyadh,Lulu,royal_gala,2024,jun,47
Riyadh,Lulu,royal_gala,2024,jul,56
Riyadh,Lulu,royal_gala,2024,aug,82
Riyadh,Lulu,royal_gala,2024,sep,67
Riyadh,Lulu,royal_gala,2024,oct,125
Riyadh,Lulu,royal_gala,2024,nov,117
Riyadh,Lulu,royal_gala,2024,dec,109
Riyadh,Lulu,royal_gala,2025,jan,74
Riyadh,Lulu,royal_gala,2025,apr,94
Riyadh,Lulu,royal_gala,2025,may,94
Riyadh,Lulu,royal_gala,2025,aug,90
Riyadh,Pandas,fuji,2022,jan,59
Riyadh,Pandas,fuji,2022,feb,43
Riyadh,Pandas,fuji,2022,mar,88
Riyadh,Pandas,fuji,2022,apr,79
Riyadh,Pandas,fuji,2022,may,81
Riyadh,Pandas,fuji,2022,jun,39
Riyadh,Pandas,fuji,2022,jul,40
Riyadh,Pandas,fuji,2022,aug,66
Riyadh,Pandas,fuji,2022,sep,52
Riyadh,Pandas,fuji,2022,oct,82
Riyadh,Pandas,fuji,2022,nov,82
Riyadh,Pandas,fuji,2022,dec,58
Riyadh,Pandas,fuji,2023,jan,61
Riyadh,Pandas,fuji,2023,feb,50
Riyadh,Pandas,fuji,2023,mar,85
Riyadh,Pandas,fuji,2023,apr,78
Riyadh,Pandas,fuji,2023,may,84
Riyadh,Pandas,fuji,2023,jun,40
Riyadh,Pandas,fuji,2023,jul,41
Riyadh,Pandas,fuji,2023,aug,73
Riyadh,Pandas,fuji,2023,sep,50
Riyadh,Pandas,fuji,2023,oct,93
Riyadh,Pandas,fuji,2023,nov,83
Riyadh,Pandas,fuji,2023,dec,64
Riyadh,Pandas,fuji,2024,jan,61
Riyadh,Pandas,fuji,2024,feb,45
Riyadh,Pandas,fuji,2024,mar,96
Riyadh,Pandas,fuji,2024,apr,75
Riyadh,Pandas,fuji,2024,may,84
Riyadh,Pandas,fuji,2024,jun,39
Riyadh,Pandas,fuji,2024,jul,42
Riyadh,Pandas,fuji,2024,aug,68
Riyadh,Pandas,fuji,2024,sep,50
Riyadh,Pandas,fuji,2024,oct,106
Riyadh,Pandas,fuji,2024,nov,82
Riyadh,Pandas,fuji,2024,dec,61
Riyadh,Pandas,fuji,2025,jan,57
Riyadh,Pandas,fuji,2025,apr,83
Riyadh,Pandas,fuji,2025,may,91
Riyadh,Pandas,fuji,2025,aug,72
Riyadh,Pandas,golden_delicious,2022,jan,65
Riyadh,Pandas,golden_delicious,2022,feb,46
Riyadh,Pandas,golden_delicious,2022,mar,100
Riyadh,Pandas,golden_delicious,2022,apr,85
Riyadh,Pandas,golden_delicious,2022,may,91
Riyadh,Pandas,golden_delicious,2022,jun,39
Riyadh,Pandas,golden_delicious,2022,jul,48
Riyadh,Pandas,golden_delicious,2022,aug,77
Riyadh,Pandas,golden_delicious,2022,sep,52
Riyadh,Pandas,golden_delicious,2022,oct,92
Riyadh,Pandas,golden_delicious,2022,nov,87
Riyadh,Pandas,golden_delicious,2022,dec,63
Riyadh,Pandas,golden_delicious,2023,jan,59
Riyadh,Pandas,golden_delicious,2023,feb,49
Riyadh,Pandas,golden_delicious,2023,mar,91
Riyadh,Pandas,golden_delicious,2023,apr,71
Riyadh,Pandas,golden_delicious,2023,may,78
Riyadh,Pandas,golden_delicious,2023,jun,39
Riyadh,Pandas,golden_delicious,2023,jul,44
Riyadh,Pandas,golden_delicious,2023,aug,65
Riyadh,Pandas,golden_delicious,2023,sep,53
Riyadh,Pandas,golden_delicious,2023,oct,90
Riyadh,Pandas,golden_delicious,2023,nov,80
Riyadh,Pandas,golden_delicious,2023,dec,65
Riyadh,Pandas,golden_delicious,2024,jan,62
Riyadh,Pandas,golden_delicious,2024,feb,45
Riyadh,Pandas,golden_delicious,2024,mar,96
Riyadh,Pandas,golden_delicious,2024,apr,77
Riyadh,Pandas,golden_delicious,2024,may,89
Riyadh,Pandas,golden_delicious,2024,jun,33
Riyadh,Pandas,golden_delicious,2024,jul,45
Riyadh,Pandas,golden_delicious,2024,aug,68
Riyadh,Pandas,golden_delicious,2024,sep,52
Riyadh,Pandas,golden_delicious,2024,oct,87
Riyadh,Pandas,golden_delicious,2024,nov,74
Riyadh,Pandas,golden_delicious,2024,dec,66
Riyadh,Pandas,golden_delicious,2025,jan,64
Riyadh,Pandas,golden_delicious,2025,apr,79
Riyadh,Pandas,golden_delicious,2025,may,92
Riyadh,Pandas,golden_delicious,2025,aug,62
Riyadh,Pandas,granny_smith,2022,jan,61
Riyadh,Pandas,granny_smith,2022,feb,49
Riyadh,Pandas,granny_smith,2022,mar,93
Riyadh,Pandas,granny_smith,2022,apr,81
Riyadh,Pandas,granny_smith,2022,may,83
Riyadh,Pandas,granny_smith,2022,jun,39
Riyadh,Pandas,granny_smith,2022,jul,47
Riyadh,Pandas,granny_smith,2022,aug,80
Riyadh,Pandas,granny_smith,2022,sep,51
Riyadh,Pandas,granny_smith,2022,oct,90
Riyadh,Pandas,granny_smith,2022,nov,82
Riyadh,Pandas,granny_smith,2022,dec,65
Riyadh,Pandas,granny_smith,2023,jan,62
Riyadh,Pandas,granny_smith,2023,feb,44
Riyadh,Pandas,granny_smith,2023,mar,83
Riyadh,Pandas,granny_smith,2023,apr,72
Riyadh,Pandas,granny_smith,2023,may,84
Riyadh,Pandas,granny_smith,2023,jun,42
Riyadh,Pandas,granny_smith,2023,jul,48
Riyadh,Pandas,granny_smith,2023,aug,78
Riyadh,Pandas,granny_smith,2023,sep,51
Riyadh,Pandas,granny_smith,2023,oct,90
Riyadh,Pandas,granny_smith,2023,nov,81
Riyadh,Pandas,granny_smith,2023,dec,57
Riyadh,Pandas,granny_smith,2024,jan,58
Riyadh,Pandas,granny_smith,2024,feb,44
Riyadh,Pandas,granny_smith,2024,mar,92
Riyadh,Pandas,granny_smith,2024,apr,67
Riyadh,Pandas,granny_smith,2024,may,83
Riyadh,Pandas,granny_smith,2024,jun,45
Riyadh,Pandas,granny_smith,2024,jul,43
Riyadh,Pandas,granny_smith,2024,aug,72
Riyadh,Pandas,granny_smith,2024,sep,49
Riyadh,Pandas,granny_smith,2024,oct,90
Riyadh,Pandas,granny_smith,2024,nov,75
Riyadh,Pandas,granny_smith,2024,dec,53
Riyadh,Pandas,granny_smith,2025,jan,62
Riyadh,Pandas,granny_smith,2025,apr,76
Riyadh,Pandas,granny_smith,2025,may,79
Riyadh,Pandas,granny_smith,2025,aug,68
Riyadh,Pandas,pink_lady,2022,jan,51
Riyadh,Pandas,pink_lady,2022,feb,31
Riyadh,Pandas,pink_lady,2022,mar,64
Riyadh,Pandas,pink_lady,2022,apr,49
Riyadh,Pandas,pink_lady,2022,may,56
Riyadh,Pandas,pink_lady,2022,jun,35
Riyadh,Pandas,pink_lady,2022,jul,38
Riyadh,Pandas,pink_lady,2022,aug,45
Riyadh,Pandas,pink_lady,2022,sep,46
Riyadh,Pandas,pink_lady,2022,oct,58
Riyadh,Pandas,pink_lady,2022,nov,58
Riyadh,Pandas,pink_lady,2022,dec,45
Riyadh,Pandas,pink_lady,2023,jan,49
Riyadh,Pandas,pink_lady,2023,feb,34
Riyadh,Pandas,pink_lady,2023,mar,62
Riyadh,Pandas,pink_lady,2023,apr,51
Riyadh,Pandas,pink_lady,2023,may,56
Riyadh,Pandas,pink_lady,2023,jun,35
Riyadh,Pandas,pink_lady,2023,jul,42
Riyadh,Pandas,pink_lady,2023,aug,54
Riyadh,Pandas,pink_lady,2023,sep,50
Riyadh,Pandas,pink_lady,2023,oct,66
Riyadh,Pandas,pink_lady,2023,nov,59
Riyadh,Pandas,pink_lady,2023,dec,44
Riyadh,Pandas,pink_lady,2024,jan,51
Riyadh,Pandas,pink_lady,2024,feb,36
Riyadh,Pandas,pink_lady,2024,mar,57
Riyadh,Pandas,pink_lady,2024,apr,50
Riyadh,Pandas,pink_lady,2024,may,59
Riyadh,Pandas,pink_lady,2024,jun,36
Riyadh,Pandas,pink_lady,2024,jul,46
Riyadh,Pandas,pink_lady,2024,aug,54
Riyadh,Pandas,pink_lady,2024,sep,51
Riyadh,Pandas,pink_lady,2024,oct,68
Riyadh,Pandas,pink_lady,2024,nov,59
Riyadh,Pandas,pink_lady,2024,dec,43
Riyadh,Pandas,pink_lady,2025,jan,53
Riyadh,Pandas,pink_lady,2025,apr,48
Riyadh,Pandas,pink_lady,2025,may,57
Riyadh,Pandas,pink_lady,2025,aug,54
Riyadh,Pandas,royal_gala,2022,jan,58
Riyadh,Pandas,royal_gala,2022,feb,60
Riyadh,Pandas,royal_gala,2022,mar,91
Riyadh,Pandas,royal_gala,2022,apr,64
Riyadh,Pandas,royal_gala,2022,may,75
Riyadh,Pandas,royal_gala,2022,jun,35
Riyadh,Pandas,royal_gala,2022,jul,44
Riyadh,Pandas,royal_gala,2022,aug,66
Riyadh,Pandas,royal_gala,2022,sep,48
Riyadh,Pandas,royal_gala,2022,oct,88
Riyadh,Pandas,royal_gala,2022,nov,96
Riyadh,Pandas,royal_gala,2022,dec,75
Riyadh,Pandas,royal_gala,2023,jan,60
Riyadh,Pandas,royal_gala,2023,feb,56
Riyadh,Pandas,royal_gala,2023,mar,90
Riyadh,Pandas,royal_gala,2023,apr,69
Riyadh,Pandas,royal_gala,2023,may,71
Riyadh,Pandas,royal_gala,2023,jun,38
Riyadh,Pandas,royal_gala,2023,jul,49
Riyadh,Pandas,royal_gala,2023,aug,61
Riyadh,Pandas,royal_gala,2023,sep,51
Riyadh,Pandas,royal_gala,2023,oct,93
Riyadh,Pandas,royal_gala,2023,nov,104
Riyadh,Pandas,royal_gala,2023,dec,80
Riyadh,Pandas,royal_gala,2024,jan,59
Riyadh,Pandas,royal_gala,2024,feb,53
Riyadh,Pandas,royal_gala,2024,mar,92
Riyadh,Pandas,royal_gala,2024,apr,73
Riyadh,Pandas,royal_gala,2024,may,85
Riyadh,Pandas,royal_gala,2024,jun,40
Riyadh,Pandas,royal_gala,2024,jul,41
Riyadh,Pandas,royal_gala,2024,aug,70
Riyadh,Pandas,royal_gala,2024,sep,51
Riyadh,Pandas,royal_gala,2024,oct,91
Riyadh,Pandas,royal_gala,2024,nov,100
Riyadh,Pandas,royal_gala,2024,dec,83
Riyadh,Pandas,royal_gala,2025,jan,60
Riyadh,Pandas,royal_gala,2025,apr,77
Riyadh,Pandas,royal_gala,2025,may,85
Riyadh,Pandas,royal_gala,2025,aug,72
Riyadh,Tamini,fuji,2022,jan,49
Riyadh,Tamini,fuji,2022,feb,33
Riyadh,Tamini,fuji,2022,mar,69
Riyadh,Tamini,fuji,2022,apr,57
Riyadh,Tamini,fuji,2022,may,70
Riyadh,Tamini,fuji,2022,jun,29
Riyadh,Tamini,fuji,2022,jul,29
Riyadh,Tamini,fuji,2022,aug,49
Riyadh,Tamini,fuji,2022,sep,36
Riyadh,Tamini,fuji,2022,oct,70
Riyadh,Tamini,fuji,2022,nov,62
Riyadh,Tamini,fuji,2022,dec,45
Riyadh,Tamini,fuji,2023,jan,43
Riyadh,Tamini,fuji,2023,feb,36
Riyadh,Tamini,fuji,2023,mar,69
Riyadh,Tamini,fuji,2023,apr,60
Riyadh,Tamini,fuji,2023,may,65
Riyadh,Tamini,fuji,2023,jun,29
Riyadh,Tamini,fuji,2023,jul,34
Riyadh,Tamini,fuji,2023,aug,54
Riyadh,Tamini,fuji,2023,sep,40
Riyadh,Tamini,fuji,2023,oct,70
Riyadh,Tamini,fuji,2023,nov,60
Riyadh,Tamini,fuji,2023,dec,47
Riyadh,Tamini,fuji,2024,jan,47
Riyadh,Tamini,fuji,2024,feb,35
Riyadh,Tamini,fuji,2024,mar,71
Riyadh,Tamini,fuji,2024,apr,55
Riyadh,Tamini,fuji,2024,may,60
Riyadh,Tamini,fuji,2024,jun,29
Riyadh,Tamini,fuji,2024,jul,32
Riyadh,Tamini,fuji,2024,aug,52
Riyadh,Tamini,fuji,2024,sep,39
Riyadh,Tamini,fuji,2024,oct,77
Riyadh,Tamini,fuji,2024,nov,61
Riyadh,Tamini,fuji,2024,dec,46
Riyadh,Tamini,fuji,2025,jan,46
Riyadh,Tamini,fuji,2025,apr,59
Riyadh,Tamini,fuji,2025,may,69
Riyadh,Tamini,fuji,2025,aug,57
Riyadh,Tamini,golden_delicious,2022,jan,41
Riyadh,Tamini,golden_delicious,2022,feb,31
Riyadh,Tamini,golden_delicious,2022,mar,64
Riyadh,Tamini,golden_delicious,2022,apr,55
Riyadh,Tamini,golden_delicious,2022,may,60
Riyadh,Tamini,golden_delicious,2022,jun,26
Riyadh,Tamini,golden_delicious,2022,jul,31
Riyadh,Tamini,golden_delicious,2022,aug,44
Riyadh,Tamini,golden_delicious,2022,sep,33
Riyadh,Tamini,golden_delicious,2022,oct,51
Riyadh,Tamini,golden_delicious,2022,nov,57
Riyadh,Tamini,golden_delicious,2022,dec,41
Riyadh,Tamini,golden_delicious,2023,jan,39
Riyadh,Tamini,golden_delicious,2023,feb,28
Riyadh,Tamini,golden_delicious,2023,mar,62
Riyadh,Tamini,golden_delicious,2023,apr,53
Riyadh,Tamini,golden_delicious,2023,may,61
Riyadh,Tamini,golden_delicious,2023,jun,24
Riyadh,Tamini,golden_delicious,2023,jul,26
Riyadh,Tamini,golden_delicious,2023,aug,45
Riyadh,Tamini,golden_delicious,2023,sep,35
Riyadh,Tamini,golden_delicious,2023,oct,56
Riyadh,Tamini,golden_delicious,2023,nov,54
Riyadh,Tamini,golden_delicious,2023,dec,39
Riyadh,Tamini,golden_delicious,2024,jan,37
Riyadh,Tamini,golden_delicious,2024,feb,29
Riyadh,Tamini,golden_delicious,2024,mar,64
Riyadh,Tamini,golden_delicious,2024,apr,49
Riyadh,Tamini,golden_delicious,2024,may,53
Riyadh,Tamini,golden_delicious,2024,jun,24
Riyadh,Tamini,golden_delicious,2024,jul,28
Riyadh,Tamini,golden_delicious,2024,aug,51
Riyadh,Tamini,golden_delicious,2024,sep,33
Riyadh,Tamini,golden_delicious,2024,oct,56
Riyadh,Tamini,golden_delicious,2024,nov,55
Riyadh,Tamini,golden_delicious,2024,dec,40
Riyadh,Tamini,golden_delicious,2025,jan,41
Riyadh,Tamini,golden_delicious,2025,apr,50
Riyadh,Tamini,golden_delicious,2025,may,55
Riyadh,Tamini,golden_delicious,2025,aug,42
Riyadh,Tamini,granny_smith,2022,jan,45
Riyadh,Tamini,granny_smith,2022,feb,31
Riyadh,Tamini,granny_smith,2022,mar,59
Riyadh,Tamini,granny_smith,2022,apr,50
Riyadh,Tamini,granny_smith,2022,may,59
Riyadh,Tamini,granny_smith,2022,jun,26
Riyadh,Tamini,granny_smith,2022,jul,31
Riyadh,Tamini,granny_smith,2022,aug,49
Riyadh,Tamini,granny_smith,2022,sep,33
Riyadh,Tamini,granny_smith,2022,oct,54
Riyadh,Tamini,granny_smith,2022,nov,49
Riyadh,Tamini,granny_smith,2022,dec,39
Riyadh,Tamini,granny_smith,2023,jan,46
Riyadh,Tamini,granny_smith,2023,feb,30
Riyadh,Tamini,granny_smith,2023,mar,59
Riyadh,Tamini,granny_smith,2023,apr,51
Riyadh,Tamini,granny_smith,2023,may,52
Riyadh,Tamini,granny_smith,2023,jun,28
Riyadh,Tamini,granny_smith,2023,jul,27
Riyadh,Tamini,granny_smith,2023,aug,49
Riyadh,Tamini,granny_smith,2023,sep,34
Riyadh,Tamini,granny_smith,2023,oct,56
Riyadh,Tamini,granny_smith,2023,nov,49
Riyadh,Tamini,granny_smith,2023,dec,40
Riyadh,Tamini,granny_smith,2024,jan,40
Riyadh,Tamini,granny_smith,2024,feb,30
Riyadh,Tamini,granny_smith,2024,mar,57
Riyadh,Tamini,granny_smith,2024,apr,49
Riyadh,Tamini,granny_smith,2024,may,54
Riyadh,Tamini,granny_smith,2024,jun,26
Riyadh,Tamini,granny_smith,2024,jul,31
Riyadh,Tamini,granny_smith,2024,aug,50
Riyadh,Tamini,granny_smith,2024,sep,33
Riyadh,Tamini,granny_smith,2024,oct,52
Riyadh,Tamini,granny_smith,2024,nov,49
Riyadh,Tamini,granny_smith,2024,dec,34
Riyadh,Tamini,granny_smith,2025,jan,41
Riyadh,Tamini,granny_smith,2025,apr,53
Riyadh,Tamini,granny_smith,2025,may,53
Riyadh,Tamini,granny_smith,2025,aug,49
Riyadh,Tamini,pink_lady,2022,jan,38
Riyadh,Tamini,pink_lady,2022,feb,28
Riyadh,Tamini,pink_lady,2022,mar,47
Riyadh,Tamini,pink_lady,2022,apr,41
Riyadh,Tamini,pink_lady,2022,may,40
Riyadh,Tamini,pink_lady,2022,jun,26
Riyadh,Tamini,pink_lady,2022,jul,31
Riyadh,Tamini,pink_lady,2022,aug,40
Riyadh,Tamini,pink_lady,2022,sep,43
Riyadh,Tamini,pink_lady,2022,oct,46
Riyadh,Tamini,pink_lady,2022,nov,45
Riyadh,Tamini,pink_lady,2022,dec,36
Riyadh,Tamini,pink_lady,2023,jan,42
Riyadh,Tamini,pink_lady,2023,feb,29
Riyadh,Tamini,pink_lady,2023,mar,54
Riyadh,Tamini,pink_lady,2023,apr,40
Riyadh,Tamini,pink_lady,2023,may,44
Riyadh,Tamini,pink_lady,2023,jun,28
Riyadh,Tamini,pink_lady,2023,jul,30
Riyadh,Tamini,pink_lady,2023,aug,43
Riyadh,Tamini,pink_lady,2023,sep,42
Riyadh,Tamini,pink_lady,2023,oct,51
Riyadh,Tamini,pink_lady,2023,nov,48
Riyadh,Tamini,pink_lady,2023,dec,40
Riyadh,Tamini,pink_lady,2024,jan,40
Riyadh,Tamini,pink_lady,2024,feb,28
Riyadh,Tamini,pink_lady,2024,mar,54
Riyadh,Tamini,pink_lady,2024,apr,45
Riyadh,Tamini,pink_lady,2024,may,45
Riyadh,Tamini,pink_lady,2024,jun,28
Riyadh,Tamini,pink_lady,2024,jul,33
Riyadh,Tamini,pink_lady,2024,aug,44
Riyadh,Tamini,pink_lady,2024,sep,41
Riyadh,Tamini,pink_lady,2024,oct,50
Riyadh,Tamini,pink_lady,2024,nov,49
Riyadh,Tamini,pink_lady,2024,dec,38
Riyadh,Tamini,pink_lady,2025,jan,43
Riyadh,Tamini,pink_lady,2025,apr,43
Riyadh,Tamini,pink_lady,2025,may,47
Riyadh,Tamini,pink_lady,2025,aug,44
Riyadh,Tamini,royal_gala,2022,jan,49
Riyadh,Tamini,royal_gala,2022,feb,52
Riyadh,Tamini,royal_gala,2022,mar,72
Riyadh,Tamini,royal_gala,2022,apr,58
Riyadh,Tamini,royal_gala,2022,may,66
Riyadh,Tamini,royal_gala,2022,jun,33
Riyadh,Tamini,royal_gala,2022,jul,38
Riyadh,Tamini,royal_gala,2022,aug,56
Riyadh,Tamini,royal_gala,2022,sep,42
Riyadh,Tamini,royal_gala,2022,oct,81
Riyadh,Tamini,royal_gala,2022,nov,77
Riyadh,Tamini,royal_gala,2022,dec,68
Riyadh,Tamini,royal_gala,2023,jan,51
Riyadh,Tamini,royal_gala,2023,feb,52
Riyadh,Tamini,royal_gala,2023,mar,79
Riyadh,Tamini,royal_gala,2023,apr,56
Riyadh,Tamini,royal_gala,2023,may,73
Riyadh,Tamini,royal_gala,2023,jun,39
Riyadh,Tamini,royal_gala,2023,jul,40
Riyadh,Tamini,royal_gala,2023,aug,61
Riyadh,Tamini,royal_gala,2023,sep,43
Riyadh,Tamini,royal_gala,2023,oct,76
Riyadh,Tamini,royal_gala,2023,nov,76
Riyadh,Tamini,royal_gala,2023,dec,77
Riyadh,Tamini,royal_gala,2024,jan,50
Riyadh,Tamini,royal_gala,2024,feb,53
Riyadh,Tamini,royal_gala,2024,mar,83
Riyadh,Tamini,royal_gala,2024,apr,63
Riyadh,Tamini,royal_gala,2024,may,67
Riyadh,Tamini,royal_gala,2024,jun,34
Riyadh,Tamini,royal_gala,2024,jul,41
Riyadh,Tamini,royal_gala,2024,aug,59
Riyadh,Tamini,royal_gala,2024,sep,47
Riyadh,Tamini,royal_gala,2024,oct,86
Riyadh,Tamini,royal_gala,2024,nov,87
Riyadh,Tamini,royal_gala,2024,dec,75
Riyadh,Tamini,royal_gala,2025,jan,53
Riyadh,Tamini,royal_gala,2025,apr,63
Riyadh,Tamini,royal_gala,2025,may,72
Riyadh,Tamini,royal_gala,2025,aug,57
Jeddah,Lulu,fuji,2022,jan,49
Jeddah,Lulu,fuji,2022,feb,33
Jeddah,Lulu,fuji,2022,mar,72
Jeddah,Lulu,fuji,2022,apr,60
Jeddah,Lulu,fuji,2022,may,63
Jeddah,Lulu,fuji,2022,jun,29
Jeddah,Lulu,fuji,2022,jul,30
Jeddah,Lulu,fuji,2022,aug,53
Jeddah,Lulu,fuji,2022,sep,39
Jeddah,Lulu,fuji,2022,oct,69
Jeddah,Lulu,fuji,2022,nov,58
Jeddah,Lulu,fuji,2022,dec,46
Jeddah,Lulu,fuji,2023,jan,48
Jeddah,Lulu,fuji,2023,feb,38
Jeddah,Lulu,fuji,2023,mar,71
Jeddah,Lulu,fuji,2023,apr,63
Jeddah,Lulu,fuji,2023,may,67
Jeddah,Lulu,fuji,2023,jun,28
Jeddah,Lulu,fuji,2023,jul,34
Jeddah,Lulu,fuji,2023,aug,52
Jeddah,Lulu,fuji,2023,sep,37
Jeddah,Lulu,fuji,2023,oct,73
Jeddah,Lulu,fuji,2023,nov,60
Jeddah,Lulu,fuji,2023,dec,44
Jeddah,Lulu,fuji,2024,jan,47
Jeddah,Lulu,fuji,2024,feb,35
Jeddah,Lulu,fuji,2024,mar,78
Jeddah,Lulu,fuji,2024,apr,61
Jeddah,Lulu,fuji,2024,may,74
Jeddah,Lulu,fuji,2024,jun,31
Jeddah,Lulu,fuji,2024,jul,35
Jeddah,Lulu,fuji,2024,aug,58
Jeddah,Lulu,fuji,2024,sep,41
Jeddah,Lulu,fuji,2024,oct,75
Jeddah,Lulu,fuji,2024,nov,59
Jeddah,Lulu,fuji,2024,dec,44
Jeddah,Lulu,fuji,2025,jan,52
Jeddah,Lulu,fuji,2025,apr,67
Jeddah,Lulu,fuji,2025,may,76
Jeddah,Lulu,fuji,2025,aug,58
Jeddah,Lulu,golden_delicious,2022,jan,36
Jeddah,Lulu,golden_delicious,2022,feb,25
Jeddah,Lulu,golden_delicious,2022,mar,60
Jeddah,Lulu,golden_delicious,2022,apr,52
Jeddah,Lulu,golden_delicious,2022,may,51
Jeddah,Lulu,golden_delicious,2022,jun,23
Jeddah,Lulu,golden_delicious,2022,jul,26
Jeddah,Lulu,golden_delicious,2022,aug,43
Jeddah,Lulu,golden_delicious,2022,sep,32
Jeddah,Lulu,golden_delicious,2022,oct,56
Jeddah,Lulu,golden_delicious,2022,nov,45
Jeddah,Lulu,golden_delicious,2022,dec,37
Jeddah,Lulu,golden_delicious,2023,jan,36
Jeddah,Lulu,golden_delicious,2023,feb,25
Jeddah,Lulu,golden_delicious,2023,mar,57
Jeddah,Lulu,golden_delicious,2023,apr,46
Jeddah,Lulu,golden_delicious,2023,may,53
Jeddah,Lulu,golden_delicious,2023,jun,22
Jeddah,Lulu,golden_delicious,2023,jul,27
Jeddah,Lulu,golden_delicious,2023,aug,40
Jeddah,Lulu,golden_delicious,2023,sep,29
Jeddah,Lulu,golden_delicious,2023,oct,50
Jeddah,Lulu,golden_delicious,2023,nov,40
Jeddah,Lulu,golden_delicious,2023,dec,39
Jeddah,Lulu,golden_delicious,2024,jan,35
Jeddah,Lulu,golden_delicious,2024,feb,25
Jeddah,Lulu,golden_delicious,2024,mar,58
Jeddah,Lulu,golden_delicious,2024,apr,46
Jeddah,Lulu,golden_delicious,2024,may,51
Jeddah,Lulu,golden_delicious,2024,jun,21
Jeddah,Lulu,golden_delicious,2024,jul,24
Jeddah,Lulu,golden_delicious,2024,aug,41
Jeddah,Lulu,golden_delicious,2024,sep,26
Jeddah,Lulu,golden_delicious,2024,oct,52
Jeddah,Lulu,golden_delicious,2024,nov,53
Jeddah,Lulu,golden_delicious,2024,dec,42
Jeddah,Lulu,golden_delicious,2025,jan,34
Jeddah,Lulu,golden_delicious,2025,apr,43
Jeddah,Lulu,golden_delicious,2025,may,48
Jeddah,Lulu,golden_delicious,2025,aug,40
Jeddah,Lulu,granny_smith,2022,jan,29
Jeddah,Lulu,granny_smith,2022,feb,22
Jeddah,Lulu,granny_smith,2022,mar,44
Jeddah,Lulu,granny_smith,2022,apr,35
Jeddah,Lulu,granny_smith,2022,may,38
Jeddah,Lulu,granny_smith,2022,jun,18
Jeddah,Lulu,granny_smith,2022,jul,22
Jeddah,Lulu,granny_smith,2022,aug,33
Jeddah,Lulu,granny_smith,2022,sep,23
Jeddah,Lulu,granny_smith,2022,oct,39
Jeddah,Lulu,granny_smith,2022,nov,37
Jeddah,Lulu,granny_smith,2022,dec,29
Jeddah,Lulu,granny_smith,2023,jan,29
Jeddah,Lulu,granny_smith,2023,feb,22
Jeddah,Lulu,granny_smith,2023,mar,42
Jeddah,Lulu,granny_smith,2023,apr,39
Jeddah,Lulu,granny_smith,2023,may,41
Jeddah,Lulu,granny_smith,2023,jun,18
Jeddah,Lulu,granny_smith,2023,jul,21
Jeddah,Lulu,granny_smith,2023,aug,32
Jeddah,Lulu,granny_smith,2023,sep,22
Jeddah,Lulu,granny_smith,2023,oct,42
Jeddah,Lulu,granny_smith,2023,nov,33
Jeddah,Lulu,granny_smith,2023,dec,25
Jeddah,Lulu,granny_smith,2024,jan,30
Jeddah,Lulu,granny_smith,2024,feb,21
Jeddah,Lulu,granny_smith,2024,mar,39
Jeddah,Lulu,granny_smith,2024,apr,38
Jeddah,Lulu,granny_smith,2024,may,38
Jeddah,Lulu,granny_smith,2024,jun,19
Jeddah,Lulu,granny_smith,2024,jul,22
Jeddah,Lulu,granny_smith,2024,aug,33
Jeddah,Lulu,granny_smith,2024,sep,21
Jeddah,Lulu,granny_smith,2024,oct,40
Jeddah,Lulu,granny_smith,2024,nov,34
Jeddah,Lulu,granny_smith,2024,dec,26
Jeddah,Lulu,granny_smith,2025,jan,30
Jeddah,Lulu,granny_smith,2025,apr,37
Jeddah,Lulu,granny_smith,2025,may,41
Jeddah,Lulu,granny_smith,2025,aug,35
Jeddah,Lulu,pink_lady,2022,jan,29
Jeddah,Lulu,pink_lady,2022,feb,21
Jeddah,Lulu,pink_lady,2022,mar,36
Jeddah,Lulu,pink_lady,2022,apr,29
Jeddah,Lulu,pink_lady,2022,may,30
Jeddah,Lulu,pink_lady,2022,jun,20
Jeddah,Lulu,pink_lady,2022,jul,25
Jeddah,Lulu,pink_lady,2022,aug,30
Jeddah,Lulu,pink_lady,2022,sep,26
Jeddah,Lulu,pink_lady,2022,oct,35
Jeddah,Lulu,pink_lady,2022,nov,32
Jeddah,Lulu,pink_lady,2022,dec,25
Jeddah,Lulu,pink_lady,2023,jan,31
Jeddah,Lulu,pink_lady,2023,feb,21
Jeddah,Lulu,pink_lady,2023,mar,39
Jeddah,Lulu,pink_lady,2023,apr,31
Jeddah,Lulu,pink_lady,2023,may,34
Jeddah,Lulu,pink_lady,2023,jun,21
Jeddah,Lulu,pink_lady,2023,jul,25
Jeddah,Lulu,pink_lady,2023,aug,33
Jeddah,Lulu,pink_lady,2023,sep,31
Jeddah,Lulu,pink_lady,2023,oct,35
Jeddah,Lulu,pink_lady,2023,nov,34
Jeddah,Lulu,pink_lady,2023,dec,29
Jeddah,Lulu,pink_lady,2024,jan,31
Jeddah,Lulu,pink_lady,2024,feb,22
Jeddah,Lulu,pink_lady,2024,mar,35
Jeddah,Lulu,pink_lady,2024,apr,31
Jeddah,Lulu,pink_lady,2024,may,35
Jeddah,Lulu,pink_lady,2024,jun,22
Jeddah,Lulu,pink_lady,2024,jul,26
Jeddah,Lulu,pink_lady,2024,aug,33
Jeddah,Lulu,pink_lady,2024,sep,28
Jeddah,Lulu,pink_lady,2024,oct,38
Jeddah,Lulu,pink_lady,2024,nov,40
Jeddah,Lulu,pink_lady,2024,dec,27
Jeddah,Lulu,pink_lady,2025,jan,36
Jeddah,Lulu,pink_lady,2025,apr,34
Jeddah,Lulu,pink_lady,2025,may,35
Jeddah,Lulu,pink_lady,2025,aug,35
Jeddah,Lulu,royal_gala,2022,jan,41
Jeddah,Lulu,royal_gala,2022,feb,36
Jeddah,Lulu,royal_gala,2022,mar,58
Jeddah,Lulu,royal_gala,2022,apr,47
Jeddah,Lulu,royal_gala,2022,may,56
Jeddah,Lulu,royal_gala,2022,jun,27
Jeddah,Lulu,royal_gala,2022,jul,32
Jeddah,Lulu,royal_gala,2022,aug,43
Jeddah,Lulu,royal_gala,2022,sep,36
Jeddah,Lulu,royal_gala,2022,oct,56
Jeddah,Lulu,royal_gala,2022,nov,63
Jeddah,Lulu,royal_gala,2022,dec,59
Jeddah,Lulu,royal_gala,2023,jan,40
Jeddah,Lulu,royal_gala,2023,feb,41
Jeddah,Lulu,royal_gala,2023,mar,62
Jeddah,Lulu,royal_gala,2023,apr,46
Jeddah,Lulu,royal_gala,2023,may,53
Jeddah,Lulu,royal_gala,2023,jun,28
Jeddah,Lulu,royal_gala,2023,jul,29
Jeddah,Lulu,royal_gala,2023,aug,44
Jeddah,Lulu,royal_gala,2023,sep,37
Jeddah,Lulu,royal_gala,2023,oct,60
Jeddah,Lulu,royal_gala,2023,nov,65
Jeddah,Lulu,royal_gala,2023,dec,56
Jeddah,Lulu,royal_gala,2024,jan,42
Jeddah,Lulu,royal_gala,2024,feb,40
Jeddah,Lulu,royal_gala,2024,mar,65
Jeddah,Lulu,royal_gala,2024,apr,47
Jeddah,Lulu,royal_gala,2024,may,58
Jeddah,Lulu,royal_gala,2024,jun,31
Jeddah,Lulu,royal_gala,2024,jul,35
Jeddah,Lulu,royal_gala,2024,aug,43
Jeddah,Lulu,royal_gala,2024,sep,39
Jeddah,Lulu,royal_gala,2024,oct,63
Jeddah,Lulu,royal_gala,2024,nov,65
Jeddah,Lulu,royal_gala,2024,dec,58
Jeddah,Lulu,royal_gala,2025,jan,50
Jeddah,Lulu,royal_gala,2025,apr,46
Jeddah,Lulu,royal_gala,2025,may,57
Jeddah,Lulu,royal_gala,2025,aug,47
Jeddah,Pandas,fuji,2022,jan,35
Jeddah,Pandas,fuji,2022,feb,26
Jeddah,Pandas,fuji,2022,mar,55
Jeddah,Pandas,fuji,2022,apr,44
Jeddah,Pandas,fuji,2022,may,49
Jeddah,Pandas,fuji,2022,jun,20
Jeddah,Pandas,fuji,2022,jul,23
Jeddah,Pandas,fuji,2022,aug,40
Jeddah,Pandas,fuji,2022,sep,29
Jeddah,Pandas,fuji,2022,oct,48
Jeddah,Pandas,fuji,2022,nov,40
Jeddah,Pandas,fuji,2022,dec,35
Jeddah,Pandas,fuji,2023,jan,33
Jeddah,Pandas,fuji,2023,feb,26
Jeddah,Pandas,fuji,2023,mar,54
Jeddah,Pandas,fuji,2023,apr,42
Jeddah,Pandas,fuji,2023,may,51
Jeddah,Pandas,fuji,2023,jun,21
Jeddah,Pandas,fuji,2023,jul,23
Jeddah,Pandas,fuji,2023,aug,43
Jeddah,Pandas,fuji,2023,sep,30
Jeddah,Pandas,fuji,2023,oct,52
Jeddah,Pandas,fuji,2023,nov,48
Jeddah,Pandas,fuji,2023,dec,32
Jeddah,Pandas,fuji,2024,jan,38
Jeddah,Pandas,fuji,2024,feb,27
Jeddah,Pandas,fuji,2024,mar,52
Jeddah,Pandas,fuji,2024,apr,48
Jeddah,Pandas,fuji,2024,may,50
Jeddah,Pandas,fuji,2024,jun,21
Jeddah,Pandas,fuji,2024,jul,23
Jeddah,Pandas,fuji,2024,aug,40
Jeddah,Pandas,fuji,2024,sep,32
Jeddah,Pandas,fuji,2024,oct,55
Jeddah,Pandas,fuji,2024,nov,46
Jeddah,Pandas,fuji,2024,dec,35
Jeddah,Pandas,fuji,2025,jan,38
Jeddah,Pandas,fuji,2025,apr,48
Jeddah,Pandas,fuji,2025,may,58
Jeddah,Pandas,fuji,2025,aug,40
Jeddah,Pandas,golden_delicious,2022,jan,30
Jeddah,Pandas,golden_delicious,2022,feb,21
Jeddah,Pandas,golden_delicious,2022,mar,47
Jeddah,Pandas,golden_delicious,2022,apr,39
Jeddah,Pandas,golden_delicious,2022,may,47
Jeddah,Pandas,golden_delicious,2022,jun,20
Jeddah,Pandas,golden_delicious,2022,jul,23
Jeddah,Pandas,golden_delicious,2022,aug,36
Jeddah,Pandas,golden_delicious,2022,sep,25
Jeddah,Pandas,golden_delicious,2022,oct,40
Jeddah,Pandas,golden_delicious,2022,nov,41
Jeddah,Pandas,golden_delicious,2022,dec,33
Jeddah,Pandas,golden_delicious,2023,jan,31
Jeddah,Pandas,golden_delicious,2023,feb,22
Jeddah,Pandas,golden_delicious,2023,mar,46
Jeddah,Pandas,golden_delicious,2023,apr,39
Jeddah,Pandas,golden_delicious,2023,may,42
Jeddah,Pandas,golden_delicious,2023,jun,19
Jeddah,Pandas,golden_delicious,2023,jul,22
Jeddah,Pandas,golden_delicious,2023,aug,36
Jeddah,Pandas,golden_delicious,2023,sep,23
Jeddah,Pandas,golden_delicious,2023,oct,44
Jeddah,Pandas,golden_delicious,2023,nov,37
Jeddah,Pandas,golden_delicious,2023,dec,32
Jeddah,Pandas,golden_delicious,2024,jan,29
Jeddah,Pandas,golden_delicious,2024,feb,20
Jeddah,Pandas,golden_delicious,2024,mar,44
Jeddah,Pandas,golden_delicious,2024,apr,42
Jeddah,Pandas,golden_delicious,2024,may,41
Jeddah,Pandas,golden_delicious,2024,jun,19
Jeddah,Pandas,golden_delicious,2024,jul,23
Jeddah,Pandas,golden_delicious,2024,aug,35
Jeddah,Pandas,golden_delicious,2024,sep,23
Jeddah,Pandas,golden_delicious,2024,oct,40
Jeddah,Pandas,golden_delicious,2024,nov,39
Jeddah,Pandas,golden_delicious,2024,dec,30
Jeddah,Pandas,golden_delicious,2025,jan,28
Jeddah,Pandas,golden_delicious,2025,apr,38
Jeddah,Pandas,golden_delicious,2025,may,41
Jeddah,Pandas,golden_delicious,2025,aug,34
Jeddah,Pandas,granny_smith,2022,jan,27
Jeddah,Pandas,granny_smith,2022,feb,18
Jeddah,Pandas,granny_smith,2022,mar,38
Jeddah,Pandas,granny_smith,2022,apr,34
Jeddah,Pandas,granny_smith,2022,may,36
Jeddah,Pandas,granny_smith,2022,jun,17
Jeddah,Pandas,granny_smith,2022,jul,21
Jeddah,Pandas,granny_smith,2022,aug,31
Jeddah,Pandas,granny_smith,2022,sep,23
Jeddah,Pandas,granny_smith,2022,oct,35
Jeddah,Pandas,granny_smith,2022,nov,31
Jeddah,Pandas,granny_smith,2022,dec,25
Jeddah,Pandas,granny_smith,2023,jan,26
Jeddah,Pandas,granny_smith,2023,feb,19
Jeddah,Pandas,granny_smith,2023,mar,40
Jeddah,Pandas,granny_smith,2023,apr,33
Jeddah,Pandas,granny_smith,2023,may,35
Jeddah,Pandas,granny_smith,2023,jun,17
Jeddah,Pandas,granny_smith,2023,jul,18
Jeddah,Pandas,granny_smith,2023,aug,26
Jeddah,Pandas,granny_smith,2023,sep,20
Jeddah,Pandas,granny_smith,2023,oct,36
Jeddah,Pandas,granny_smith,2023,nov,32
Jeddah,Pandas,granny_smith,2023,dec,22
Jeddah,Pandas,granny_smith,2024,jan,27
Jeddah,Pandas,granny_smith,2024,feb,20
Jeddah,Pandas,granny_smith,2024,mar,40
Jeddah,Pandas,granny_smith,2024,apr,33
Jeddah,Pandas,granny_smith,2024,may,34
Jeddah,Pandas,granny_smith,2024,jun,16
Jeddah,Pandas,granny_smith,2024,jul,21
Jeddah,Pandas,granny_smith,2024,aug,30
Jeddah,Pandas,granny_smith,2024,sep,21
Jeddah,Pandas,granny_smith,2024,oct,36
Jeddah,Pandas,granny_smith,2024,nov,35
Jeddah,Pandas,granny_smith,2024,dec,23
Jeddah,Pandas,granny_smith,2025,jan,25
Jeddah,Pandas,granny_smith,2025,apr,33
Jeddah,Pandas,granny_smith,2025,may,37
Jeddah,Pandas,granny_smith,2025,aug,29
Jeddah,Pandas,pink_lady,2022,jan,21
Jeddah,Pandas,pink_lady,2022,feb,14
Jeddah,Pandas,pink_lady,2022,mar,25
Jeddah,Pandas,pink_lady,2022,apr,20
Jeddah,Pandas,pink_lady,2022,may,23
Jeddah,Pandas,pink_lady,2022,jun,13
Jeddah,Pandas,pink_lady,2022,jul,18
Jeddah,Pandas,pink_lady,2022,aug,21
Jeddah,Pandas,pink_lady,2022,sep,19
Jeddah,Pandas,pink_lady,2022,oct,23
Jeddah,Pandas,pink_lady,2022,nov,24
Jeddah,Pandas,pink_lady,2022,dec,16
Jeddah,Pandas,pink_lady,2023,jan,23
Jeddah,Pandas,pink_lady,2023,feb,15
Jeddah,Pandas,pink_lady,2023,mar,25
Jeddah,Pandas,pink_lady,2023,apr,22
Jeddah,Pandas,pink_lady,2023,may,23
Jeddah,Pandas,pink_lady,2023,jun,15
Jeddah,Pandas,pink_lady,2023,jul,19
Jeddah,Pandas,pink_lady,2023,aug,23
Jeddah,Pandas,pink_lady,2023,sep,20
Jeddah,Pandas,pink_lady,2023,oct,25
Jeddah,Pandas,pink_lady,2023,nov,26
Jeddah,Pandas,pink_lady,2023,dec,18
Jeddah,Pandas,pink_lady,2024,jan,22
Jeddah,Pandas,pink_lady,2024,feb,14
Jeddah,Pandas,pink_lady,2024,mar,28
Jeddah,Pandas,pink_lady,2024,apr,21
Jeddah,Pandas,pink_lady,2024,may,25
Jeddah,Pandas,pink_lady,2024,jun,15
Jeddah,Pandas,pink_lady,2024,jul,20
Jeddah,Pandas,pink_lady,2024,aug,22
Jeddah,Pandas,pink_lady,2024,sep,21
Jeddah,Pandas,pink_lady,2024,oct,26
Jeddah,Pandas,pink_lady,2024,nov,25
Jeddah,Pandas,pink_lady,2024,dec,20
Jeddah,Pandas,pink_lady,2025,jan,23
Jeddah,Pandas,pink_lady,2025,apr,22
Jeddah,Pandas,pink_lady,2025,may,26
Jeddah,Pandas,pink_lady,2025,aug,21
Jeddah,Pandas,royal_gala,2022,jan,29
Jeddah,Pandas,royal_gala,2022,feb,31
Jeddah,Pandas,royal_gala,2022,mar,42
Jeddah,Pandas,royal_gala,2022,apr,34
Jeddah,Pandas,royal_gala,2022,may,40
Jeddah,Pandas,royal_gala,2022,jun,20
Jeddah,Pandas,royal_gala,2022,jul,23
Jeddah,Pandas,royal_gala,2022,aug,30
Jeddah,Pandas,royal_gala,2022,sep,26
Jeddah,Pandas,royal_gala,2022,oct,42
Jeddah,Pandas,royal_gala,2022,nov,48
Jeddah,Pandas,royal_gala,2022,dec,39
Jeddah,Pandas,royal_gala,2023,jan,31
Jeddah,Pandas,royal_gala,2023,feb,31
Jeddah,Pandas,royal_gala,2023,mar,50
Jeddah,Pandas,royal_gala,2023,apr,40
Jeddah,Pandas,royal_gala,2023,may,39
Jeddah,Pandas,royal_gala,2023,jun,20
Jeddah,Pandas,royal_gala,2023,jul,22
Jeddah,Pandas,royal_gala,2023,aug,34
Jeddah,Pandas,royal_gala,2023,sep,26
Jeddah,Pandas,royal_gala,2023,oct,46
Jeddah,Pandas,royal_gala,2023,nov,47
Jeddah,Pandas,royal_gala,2023,dec,41
Jeddah,Pandas,royal_gala,2024,jan,31
Jeddah,Pandas,royal_gala,2024,feb,32
Jeddah,Pandas,royal_gala,2024,mar,44
Jeddah,Pandas,royal_gala,2024,apr,39
Jeddah,Pandas,royal_gala,2024,may,39
Jeddah,Pandas,royal_gala,2024,jun,22
Jeddah,Pandas,royal_gala,2024,jul,22
Jeddah,Pandas,royal_gala,2024,aug,33
Jeddah,Pandas,royal_gala,2024,sep,26
Jeddah,Pandas,royal_gala,2024,oct,46
Jeddah,Pandas,royal_gala,2024,nov,44
Jeddah,Pandas,royal_gala,2024,dec,44
Jeddah,Pandas,royal_gala,2025,jan,34
Jeddah,Pandas,royal_gala,2025,apr,40
Jeddah,Pandas,royal_gala,2025,may,40
Jeddah,Pandas,royal_gala,2025,aug,34
Jeddah,Tamini,fuji,2022,jan,24
Jeddah,Tamini,fuji,2022,feb,18
Jeddah,Tamini,fuji,2022,mar,38
Jeddah,Tamini,fuji,2022,apr,35
Jeddah,Tamini,fuji,2022,may,37
Jeddah,Tamini,fuji,2022,jun,15
Jeddah,Tamini,fuji,2022,jul,18
Jeddah,Tamini,fuji,2022,aug,29
Jeddah,Tamini,fuji,2022,sep,20
Jeddah,Tamini,fuji,2022,oct,42
Jeddah,Tamini,fuji,2022,nov,32
Jeddah,Tamini,fuji,2022,dec,25
Jeddah,Tamini,fuji,2023,jan,26
Jeddah,Tamini,fuji,2023,feb,19
Jeddah,Tamini,fuji,2023,mar,40
Jeddah,Tamini,fuji,2023,apr,30
Jeddah,Tamini,fuji,2023,may,38
Jeddah,Tamini,fuji,2023,jun,15
Jeddah,Tamini,fuji,2023,jul,16
Jeddah,Tamini,fuji,2023,aug,17
Jeddah,Tamini,fuji,2023,sep,20
Jeddah,Tamini,fuji,2023,oct,43
Jeddah,Tamini,fuji,2023,nov,33
Jeddah,Tamini,fuji,2023,dec,25
Jeddah,Tamini,fuji,2024,jan,24
Jeddah,Tamini,fuji,2024,feb,21
Jeddah,Tamini,fuji,2024,mar,45
Jeddah,Tamini,fuji,2024,apr,32
Jeddah,Tamini,fuji,2024,may,33
Jeddah,Tamini,fuji,2024,jun,15
Jeddah,Tamini,fuji,2024,jul,17
Jeddah,Tamini,fuji,2024,aug,29
Jeddah,Tamini,fuji,2024,sep,20
Jeddah,Tamini,fuji,2024,oct,42
Jeddah,Tamini,fuji,2024,nov,32
Jeddah,Tamini,fuji,2024,dec,22
Jeddah,Tamini,fuji,2025,jan,25
Jeddah,Tamini,fuji,2025,apr,34
Jeddah,Tamini,fuji,2025,may,38
Jeddah,Tamini,fuji,2025,aug,28
Jeddah,Tamini,golden_delicious,2022,jan,22
Jeddah,Tamini,golden_delicious,2022,feb,14
Jeddah,Tamini,golden_delicious,2022,mar,31
Jeddah,Tamini,golden_delicious,2022,apr,25
Jeddah,Tamini,golden_delicious,2022,may,31
Jeddah,Tamini,golden_delicious,2022,jun,12
Jeddah,Tamini,golden_delicious,2022,jul,15
Jeddah,Tamini,golden_delicious,2022,aug,23
Jeddah,Tamini,golden_delicious,2022,sep,18
Jeddah,Tamini,golden_delicious,2022,oct,27
Jeddah,Tamini,golden_delicious,2022,nov,27
Jeddah,Tamini,golden_delicious,2022,dec,20
Jeddah,Tamini,golden_delicious,2023,jan,20
Jeddah,Tamini,golden_delicious,2023,feb,14
Jeddah,Tamini,golden_delicious,2023,mar,30
Jeddah,Tamini,golden_delicious,2023,apr,27
Jeddah,Tamini,golden_delicious,2023,may,28
Jeddah,Tamini,golden_delicious,2023,jun,12
Jeddah,Tamini,golden_delicious,2023,jul,15
Jeddah,Tamini,golden_delicious,2023,aug,23
Jeddah,Tamini,golden_delicious,2023,sep,17
Jeddah,Tamini,golden_delicious,2023,oct,27
Jeddah,Tamini,golden_delicious,2023,nov,26
Jeddah,Tamini,golden_delicious,2023,dec,20
Jeddah,Tamini,golden_delicious,2024,jan,19
Jeddah,Tamini,golden_delicious,2024,feb,14
Jeddah,Tamini,golden_delicious,2024,mar,28
Jeddah,Tamini,golden_delicious,2024,apr,22
Jeddah,Tamini,golden_delicious,2024,may,27
Jeddah,Tamini,golden_delicious,2024,jun,12
Jeddah,Tamini,golden_delicious,2024,jul,15
Jeddah,Tamini,golden_delicious,2024,aug,20
Jeddah,Tamini,golden_delicious,2024,sep,16
Jeddah,Tamini,golden_delicious,2024,oct,28
Jeddah,Tamini,golden_delicious,2024,nov,26
Jeddah,Tamini,golden_delicious,2024,dec,19
Jeddah,Tamini,golden_delicious,2025,jan,16
Jeddah,Tamini,golden_delicious,2025,apr,23
Jeddah,Tamini,golden_delicious,2025,may,26
Jeddah,Tamini,golden_delicious,2025,aug,20
Jeddah,Tamini,granny_smith,2022,jan,16
Jeddah,Tamini,granny_smith,2022,feb,11
Jeddah,Tamini,granny_smith,2022,mar,26
Jeddah,Tamini,granny_smith,2022,apr,21
Jeddah,Tamini,granny_smith,2022,may,23
Jeddah,Tamini,granny_smith,2022,jun,12
Jeddah,Tamini,granny_smith,2022,jul,12
Jeddah,Tamini,granny_smith,2022,aug,20
Jeddah,Tamini,granny_smith,2022,sep,13
Jeddah,Tamini,granny_smith,2022,oct,22
Jeddah,Tamini,granny_smith,2022,nov,22
Jeddah,Tamini,granny_smith,2022,dec,14
Jeddah,Tamini,granny_smith,2023,jan,18
Jeddah,Tamini,granny_smith,2023,feb,12
Jeddah,Tamini,granny_smith,2023,mar,22
Jeddah,Tamini,granny_smith,2023,apr,24
Jeddah,Tamini,granny_smith,2023,may,21
Jeddah,Tamini,granny_smith,2023,jun,11
Jeddah,Tamini,granny_smith,2023,jul,11
Jeddah,Tamini,granny_smith,2023,aug,19
Jeddah,Tamini,granny_smith,2023,sep,13
Jeddah,Tamini,granny_smith,2023,oct,21
Jeddah,Tamini,granny_smith,2023,nov,21
Jeddah,Tamini,granny_smith,2023,dec,15
Jeddah,Tamini,granny_smith,2024,jan,16
Jeddah,Tamini,granny_smith,2024,feb,11
Jeddah,Tamini,granny_smith,2024,mar,24
Jeddah,Tamini,granny_smith,2024,apr,21
Jeddah,Tamini,granny_smith,2024,may,21
Jeddah,Tamini,granny_smith,2024,jun,11
Jeddah,Tamini,granny_smith,2024,jul,12
Jeddah,Tamini,granny_smith,2024,aug,20
Jeddah,Tamini,granny_smith,2024,sep,14
Jeddah,Tamini,granny_smith,2024,oct,22
Jeddah,Tamini,granny_smith,2024,nov,21
Jeddah,Tamini,granny_smith,2024,dec,16
Jeddah,Tamini,granny_smith,2025,jan,18
Jeddah,Tamini,granny_smith,2025,apr,24
Jeddah,Tamini,granny_smith,2025,may,23
Jeddah,Tamini,granny_smith,2025,aug,20
Jeddah,Tamini,pink_lady,2022,jan,17
Jeddah,Tamini,pink_lady,2022,feb,12
Jeddah,Tamini,pink_lady,2022,mar,19
Jeddah,Tamini,pink_lady,2022,apr,16
Jeddah,Tamini,pink_lady,2022,may,17
Jeddah,Tamini,pink_lady,2022,jun,11
Jeddah,Tamini,pink_lady,2022,jul,13
Jeddah,Tamini,pink_lady,2022,aug,16
Jeddah,Tamini,pink_lady,2022,sep,14
Jeddah,Tamini,pink_lady,2022,oct,19
Jeddah,Tamini,pink_lady,2022,nov,19
Jeddah,Tamini,pink_lady,2022,dec,13
Jeddah,Tamini,pink_lady,2023,jan,16
Jeddah,Tamini,pink_lady,2023,feb,11
Jeddah,Tamini,pink_lady,2023,mar,20
Jeddah,Tamini,pink_lady,2023,apr,18
Jeddah,Tamini,pink_lady,2023,may,17
Jeddah,Tamini,pink_lady,2023,jun,12
Jeddah,Tamini,pink_lady,2023,jul,12
Jeddah,Tamini,pink_lady,2023,aug,16
Jeddah,Tamini,pink_lady,2023,sep,16
Jeddah,Tamini,pink_lady,2023,oct,20
Jeddah,Tamini,pink_lady,2023,nov,20
Jeddah,Tamini,pink_lady,2023,dec,11
Jeddah,Tamini,pink_lady,2024,jan,16
Jeddah,Tamini,pink_lady,2024,feb,11
Jeddah,Tamini,pink_lady,2024,mar,22
Jeddah,Tamini,pink_lady,2024,apr,15
Jeddah,Tamini,pink_lady,2024,may,16
Jeddah,Tamini,pink_lady,2024,jun,12
Jeddah,Tamini,pink_lady,2024,jul,13
Jeddah,Tamini,pink_lady,2024,aug,15
Jeddah,Tamini,pink_lady,2024,sep,16
Jeddah,Tamini,pink_lady,2024,oct,21
Jeddah,Tamini,pink_lady,2024,nov,21
Jeddah,Tamini,pink_lady,2024,dec,13
Jeddah,Tamini,pink_lady,2025,jan,16
Jeddah,Tamini,pink_lady,2025,apr,17
Jeddah,Tamini,pink_lady,2025,may,18
Jeddah,Tamini,pink_lady,2025,aug,16
Jeddah,Tamini,royal_gala,2022,jan,24
Jeddah,Tamini,royal_gala,2022,feb,25
Jeddah,Tamini,royal_gala,2022,mar,37
Jeddah,Tamini,royal_gala,2022,apr,28
Jeddah,Tamini,royal_gala,2022,may,32
Jeddah,Tamini,royal_gala,2022,jun,17
Jeddah,Tamini,royal_gala,2022,jul,19
Jeddah,Tamini,royal_gala,2022,aug,27
Jeddah,Tamini,royal_gala,2022,sep,21
Jeddah,Tamini,royal_gala,2022,oct,41
Jeddah,Tamini,royal_gala,2022,nov,40
Jeddah,Tamini,royal_gala,2022,dec,34
Jeddah,Tamini,royal_gala,2023,jan,26
Jeddah,Tamini,royal_gala,2023,feb,28
Jeddah,Tamini,royal_gala,2023,mar,41
Jeddah,Tamini,royal_gala,2023,apr,29
Jeddah,Tamini,royal_gala,2023,may,35
Jeddah,Tamini,royal_gala,2023,jun,17
Jeddah,Tamini,royal_gala,2023,jul,20
Jeddah,Tamini,royal_gala,2023,aug,27
Jeddah,Tamini,royal_gala,2023,sep,22
Jeddah,Tamini,royal_gala,2023,oct,39
Jeddah,Tamini,royal_gala,2023,nov,44
Jeddah,Tamini,royal_gala,2023,dec,38
Jeddah,Tamini,royal_gala,2024,jan,25
Jeddah,Tamini,royal_gala,2024,feb,26
Jeddah,Tamini,royal_gala,2024,mar,41
Jeddah,Tamini,royal_gala,2024,apr,32
Jeddah,Tamini,royal_gala,2024,may,34
Jeddah,Tamini,royal_gala,2024,jun,16
Jeddah,Tamini,royal_gala,2024,jul,20
Jeddah,Tamini,royal_gala,2024,aug,29
Jeddah,Tamini,royal_gala,2024,sep,23
Jeddah,Tamini,royal_gala,2024,oct,37
Jeddah,Tamini,royal_gala,2024,nov,42
Jeddah,Tamini,royal_gala,2024,dec,37
Jeddah,Tamini,royal_gala,2025,jan,25
Jeddah,Tamini,royal_gala,2025,apr,35
Jeddah,Tamini,royal_gala,2025,may,39
Jeddah,Tamini,royal_gala,2025,aug,31
Mecca,Lulu,fuji,2022,jan,31
Mecca,Lulu,fuji,2022,feb,25
Mecca,Lulu,fuji,2022,mar,54
Mecca,Lulu,fuji,2022,apr,42
Mecca,Lulu,fuji,2022,may,50
Mecca,Lulu,fuji,2022,jun,20
Mecca,Lulu,fuji,2022,jul,23
Mecca,Lulu,fuji,2022,aug,38
Mecca,Lulu,fuji,2022,sep,30
Mecca,Lulu,fuji,2022,oct,54
Mecca,Lulu,fuji,2022,nov,46
Mecca,Lulu,fuji,2022,dec,35
Mecca,Lulu,fuji,2023,jan,35
Mecca,Lulu,fuji,2023,feb,28
Mecca,Lulu,fuji,2023,mar,54
Mecca,Lulu,fuji,2023,apr,49
Mecca,Lulu,fuji,2023,may,50
Mecca,Lulu,fuji,2023,jun,22
Mecca,Lulu,fuji,2023,jul,23
Mecca,Lulu,fuji,2023,aug,46
Mecca,Lulu,fuji,2023,sep,31
Mecca,Lulu,fuji,2023,oct,55
Mecca,Lulu,fuji,2023,nov,49
Mecca,Lulu,fuji,2023,dec,33
Mecca,Lulu,fuji,2024,jan,36
Mecca,Lulu,fuji,2024,feb,27
Mecca,Lulu,fuji,2024,mar,55
Mecca,Lulu,fuji,2024,apr,49
Mecca,Lulu,fuji,2024,may,54
Mecca,Lulu,fuji,2024,jun,21
Mecca,Lulu,fuji,2024,jul,24
Mecca,Lulu,fuji,2024,aug,44
Mecca,Lulu,fuji,2024,sep,29
Mecca,Lulu,fuji,2024,oct,55
Mecca,Lulu,fuji,2024,nov,48
Mecca,Lulu,fuji,2024,dec,36
Mecca,Lulu,fuji,2025,jan,37
Mecca,Lulu,fuji,2025,apr,45
Mecca,Lulu,fuji,2025,may,48
Mecca,Lulu,fuji,2025,aug,40
Mecca,Lulu,golden_delicious,2022,jan,33
Mecca,Lulu,golden_delicious,2022,feb,28
Mecca,Lulu,golden_delicious,2022,mar,56
Mecca,Lulu,golden_delicious,2022,apr,42
Mecca,Lulu,golden_delicious,2022,may,53
Mecca,Lulu,golden_delicious,2022,jun,21
Mecca,Lulu,golden_delicious,2022,jul,24
Mecca,Lulu,golden_delicious,2022,aug,39
Mecca,Lulu,golden_delicious,2022,sep,30
Mecca,Lulu,golden_delicious,2022,oct,47
Mecca,Lulu,golden_delicious,2022,nov,44
Mecca,Lulu,golden_delicious,2022,dec,32
Mecca,Lulu,golden_delicious,2023,jan,31
Mecca,Lulu,golden_delicious,2023,feb,24
Mecca,Lulu,golden_delicious,2023,mar,49
Mecca,Lulu,golden_delicious,2023,apr,44
Mecca,Lulu,golden_delicious,2023,may,47
Mecca,Lulu,golden_delicious,2023,jun,20
Mecca,Lulu,golden_delicious,2023,jul,25
Mecca,Lulu,golden_delicious,2023,aug,39
Mecca,Lulu,golden_delicious,2023,sep,27
Mecca,Lulu,golden_delicious,2023,oct,45
Mecca,Lulu,golden_delicious,2023,nov,43
Mecca,Lulu,golden_delicious,2023,dec,34
Mecca,Lulu,golden_delicious,2024,jan,30
Mecca,Lulu,golden_delicious,2024,feb,23
Mecca,Lulu,golden_delicious,2024,mar,49
Mecca,Lulu,golden_delicious,2024,apr,37
Mecca,Lulu,golden_delicious,2024,may,53
Mecca,Lulu,golden_delicious,2024,jun,17
Mecca,Lulu,golden_delicious,2024,jul,22
Mecca,Lulu,golden_delicious,2024,aug,40
Mecca,Lulu,golden_delicious,2024,sep,26
Mecca,Lulu,golden_delicious,2024,oct,49
Mecca,Lulu,golden_delicious,2024,nov,37
Mecca,Lulu,golden_delicious,2024,dec,32
Mecca,Lulu,golden_delicious,2025,jan,32
Mecca,Lulu,golden_delicious,2025,apr,42
Mecca,Lulu,golden_delicious,2025,may,42
Mecca,Lulu,golden_delicious,2025,aug,33
Mecca,Lulu,granny_smith,2022,jan,25
Mecca,Lulu,granny_smith,2022,feb,19
Mecca,Lulu,granny_smith,2022,mar,40
Mecca,Lulu,granny_smith,2022,apr,32
Mecca,Lulu,granny_smith,2022,may,34
Mecca,Lulu,granny_smith,2022,jun,17
Mecca,Lulu,granny_smith,2022,jul,17
Mecca,Lulu,granny_smith,2022,aug,28
Mecca,Lulu,granny_smith,2022,sep,21
Mecca,Lulu,granny_smith,2022,oct,32
Mecca,Lulu,granny_smith,2022,nov,31
Mecca,Lulu,granny_smith,2022,dec,24
Mecca,Lulu,granny_smith,2023,jan,24
Mecca,Lulu,granny_smith,2023,feb,17
Mecca,Lulu,granny_smith,2023,mar,37
Mecca,Lulu,granny_smith,2023,apr,33
Mecca,Lulu,granny_smith,2023,may,34
Mecca,Lulu,granny_smith,2023,jun,17
Mecca,Lulu,granny_smith,2023,jul,19
Mecca,Lulu,granny_smith,2023,aug,29
Mecca,Lulu,granny_smith,2023,sep,22
Mecca,Lulu,granny_smith,2023,oct,34
Mecca,Lulu,granny_smith,2023,nov,30
Mecca,Lulu,granny_smith,2023,dec,22
Mecca,Lulu,granny_smith,2024,jan,26
Mecca,Lulu,granny_smith,2024,feb,19
Mecca,Lulu,granny_smith,2024,mar,40
Mecca,Lulu,granny_smith,2024,apr,32
Mecca,Lulu,granny_smith,2024,may,35
Mecca,Lulu,granny_smith,2024,jun,17
Mecca,Lulu,granny_smith,2024,jul,18
Mecca,Lulu,granny_smith,2024,aug,28
Mecca,Lulu,granny_smith,2024,sep,22
Mecca,Lulu,granny_smith,2024,oct,37
Mecca,Lulu,granny_smith,2024,nov,30
Mecca,Lulu,granny_smith,2024,dec,24
Mecca,Lulu,granny_smith,2025,jan,25
Mecca,Lulu,granny_smith,2025,apr,28
Mecca,Lulu,granny_smith,2025,may,33
Mecca,Lulu,granny_smith,2025,aug,29
Mecca,Lulu,pink_lady,2022,jan,27
Mecca,Lulu,pink_lady,2022,feb,19
Mecca,Lulu,pink_lady,2022,mar,32
Mecca,Lulu,pink_lady,2022,apr,27
Mecca,Lulu,pink_lady,2022,may,31
Mecca,Lulu,pink_lady,2022,jun,22
Mecca,Lulu,pink_lady,2022,jul,23
Mecca,Lulu,pink_lady,2022,aug,27
Mecca,Lulu,pink_lady,2022,sep,28
Mecca,Lulu,pink_lady,2022,oct,35
Mecca,Lulu,pink_lady,2022,nov,31
Mecca,Lulu,pink_lady,2022,dec,25
Mecca,Lulu,pink_lady,2023,jan,31
Mecca,Lulu,pink_lady,2023,feb,22
Mecca,Lulu,pink_lady,2023,mar,38
Mecca,Lulu,pink_lady,2023,apr,30
Mecca,Lulu,pink_lady,2023,may,35
Mecca,Lulu,pink_lady,2023,jun,20
Mecca,Lulu,pink_lady,2023,jul,24
Mecca,Lulu,pink_lady,2023,aug,30
Mecca,Lulu,pink_lady,2023,sep,26
Mecca,Lulu,pink_lady,2023,oct,32
Mecca,Lulu,pink_lady,2023,nov,33
Mecca,Lulu,pink_lady,2023,dec,26
Mecca,Lulu,pink_lady,2024,jan,30
Mecca,Lulu,pink_lady,2024,feb,20
Mecca,Lulu,pink_lady,2024,mar,36
Mecca,Lulu,pink_lady,2024,apr,29
Mecca,Lulu,pink_lady,2024,may,33
Mecca,Lulu,pink_lady,2024,jun,20
Mecca,Lulu,pink_lady,2024,jul,24
Mecca,Lulu,pink_lady,2024,aug,32
Mecca,Lulu,pink_lady,2024,sep,29
Mecca,Lulu,pink_lady,2024,oct,36
Mecca,Lulu,pink_lady,2024,nov,33
Mecca,Lulu,pink_lady,2024,dec,26
Mecca,Lulu,pink_lady,2025,jan,29
Mecca,Lulu,pink_lady,2025,apr,31
Mecca,Lulu,pink_lady,2025,may,35
Mecca,Lulu,pink_lady,2025,aug,28
Mecca,Lulu,royal_gala,2022,jan,30
Mecca,Lulu,royal_gala,2022,feb,29
Mecca,Lulu,royal_gala,2022,mar,46
Mecca,Lulu,royal_gala,2022,apr,39
Mecca,Lulu,royal_gala,2022,may,42
Mecca,Lulu,royal_gala,2022,jun,20
Mecca,Lulu,royal_gala,2022,jul,21
Mecca,Lulu,royal_gala,2022,aug,32
Mecca,Lulu,royal_gala,2022,sep,27
Mecca,Lulu,royal_gala,2022,oct,46
Mecca,Lulu,royal_gala,2022,nov,51
Mecca,Lulu,royal_gala,2022,dec,40
Mecca,Lulu,royal_gala,2023,jan,29
Mecca,Lulu,royal_gala,2023,feb,31
Mecca,Lulu,royal_gala,2023,mar,48
Mecca,Lulu,royal_gala,2023,apr,34
Mecca,Lulu,royal_gala,2023,may,40
Mecca,Lulu,royal_gala,2023,jun,22
Mecca,Lulu,royal_gala,2023,jul,22
Mecca,Lulu,royal_gala,2023,aug,33
Mecca,Lulu,royal_gala,2023,sep,26
Mecca,Lulu,royal_gala,2023,oct,52
Mecca,Lulu,royal_gala,2023,nov,58
Mecca,Lulu,royal_gala,2023,dec,43
Mecca,Lulu,royal_gala,2024,jan,32
Mecca,Lulu,royal_gala,2024,feb,31
Mecca,Lulu,royal_gala,2024,mar,48
Mecca,Lulu,royal_gala,2024,apr,38
Mecca,Lulu,royal_gala,2024,may,43
Mecca,Lulu,royal_gala,2024,jun,22
Mecca,Lulu,royal_gala,2024,jul,24
Mecca,Lulu,royal_gala,2024,aug,31
Mecca,Lulu,royal_gala,2024,sep,26
Mecca,Lulu,royal_gala,2024,oct,46
Mecca,Lulu,royal_gala,2024,nov,56
Mecca,Lulu,royal_gala,2024,dec,43
Mecca,Lulu,royal_gala,2025,jan,33
Mecca,Lulu,royal_gala,2025,apr,40
Mecca,Lulu,royal_gala,2025,may,46
Mecca,Lulu,royal_gala,2025,aug,33
Mecca,Pandas,fuji,2022,jan,22
Mecca,Pandas,fuji,2022,feb,17
Mecca,Pandas,fuji,2022,mar,34
Mecca,Pandas,fuji,2022,apr,30
Mecca,Pandas,fuji,2022,may,36
Mecca,Pandas,fuji,2022,jun,13
Mecca,Pandas,fuji,2022,jul,15
Mecca,Pandas,fuji,2022,aug,25
Mecca,Pandas,fuji,2022,sep,20
Mecca,Pandas,fuji,2022,oct,36
Mecca,Pandas,fuji,2022,nov,30
Mecca,Pandas,fuji,2022,dec,22
Mecca,Pandas,fuji,2023,jan,23
Mecca,Pandas,fuji,2023,feb,18
Mecca,Pandas,fuji,2023,mar,35
Mecca,Pandas,fuji,2023,apr,31
Mecca,Pandas,fuji,2023,may,38
Mecca,Pandas,fuji,2023,jun,14
Mecca,Pandas,fuji,2023,jul,16
Mecca,Pandas,fuji,2023,aug,24
Mecca,Pandas,fuji,2023,sep,19
Mecca,Pandas,fuji,2023,oct,40
Mecca,Pandas,fuji,2023,nov,30
Mecca,Pandas,fuji,2023,dec,23
Mecca,Pandas,fuji,2024,jan,24
Mecca,Pandas,fuji,2024,feb,17
Mecca,Pandas,fuji,2024,mar,39
Mecca,Pandas,fuji,2024,apr,33
Mecca,Pandas,fuji,2024,may,38
Mecca,Pandas,fuji,2024,jun,14
Mecca,Pandas,fuji,2024,jul,15
Mecca,Pandas,fuji,2024,aug,27
Mecca,Pandas,fuji,2024,sep,21
Mecca,Pandas,fuji,2024,oct,38
Mecca,Pandas,fuji,2024,nov,32
Mecca,Pandas,fuji,2024,dec,23
Mecca,Pandas,fuji,2025,jan,24
Mecca,Pandas,fuji,2025,apr,33
Mecca,Pandas,fuji,2025,may,36
Mecca,Pandas,fuji,2025,aug,27
Mecca,Pandas,golden_delicious,2022,jan,27
Mecca,Pandas,golden_delicious,2022,feb,18
Mecca,Pandas,golden_delicious,2022,mar,42
Mecca,Pandas,golden_delicious,2022,apr,33
Mecca,Pandas,golden_delicious,2022,may,41
Mecca,Pandas,golden_delicious,2022,jun,16
Mecca,Pandas,golden_delicious,2022,jul,18
Mecca,Pandas,golden_delicious,2022,aug,29
Mecca,Pandas,golden_delicious,2022,sep,20
Mecca,Pandas,golden_delicious,2022,oct,37
Mecca,Pandas,golden_delicious,2022,nov,36
Mecca,Pandas,golden_delicious,2022,dec,28
Mecca,Pandas,golden_delicious,2023,jan,24
Mecca,Pandas,golden_delicious,2023,feb,19
Mecca,Pandas,golden_delicious,2023,mar,38
Mecca,Pandas,golden_delicious,2023,apr,34
Mecca,Pandas,golden_delicious,2023,may,36
Mecca,Pandas,golden_delicious,2023,jun,16
Mecca,Pandas,golden_delicious,2023,jul,19
Mecca,Pandas,golden_delicious,2023,aug,31
Mecca,Pandas,golden_delicious,2023,sep,18
Mecca,Pandas,golden_delicious,2023,oct,39
Mecca,Pandas,golden_delicious,2023,nov,33
Mecca,Pandas,golden_delicious,2023,dec,25
Mecca,Pandas,golden_delicious,2024,jan,24
Mecca,Pandas,golden_delicious,2024,feb,19
Mecca,Pandas,golden_delicious,2024,mar,39
Mecca,Pandas,golden_delicious,2024,apr,32
Mecca,Pandas,golden_delicious,2024,may,33
Mecca,Pandas,golden_delicious,2024,jun,16
Mecca,Pandas,golden_delicious,2024,jul,18
Mecca,Pandas,golden_delicious,2024,aug,27
Mecca,Pandas,golden_delicious,2024,sep,22
Mecca,Pandas,golden_delicious,2024,oct,40
Mecca,Pandas,golden_delicious,2024,nov,32
Mecca,Pandas,golden_delicious,2024,dec,28
Mecca,Pandas,golden_delicious,2025,jan,23
Mecca,Pandas,golden_delicious,2025,apr,29
Mecca,Pandas,golden_delicious,2025,may,36
Mecca,Pandas,golden_delicious,2025,aug,27
Mecca,Pandas,granny_smith,2022,jan,22
Mecca,Pandas,granny_smith,2022,feb,16
Mecca,Pandas,granny_smith,2022,mar,34
Mecca,Pandas,granny_smith,2022,apr,28
Mecca,Pandas,granny_smith,2022,may,32
Mecca,Pandas,granny_smith,2022,jun,14
Mecca,Pandas,granny_smith,2022,jul,14
Mecca,Pandas,granny_smith,2022,aug,28
Mecca,Pandas,granny_smith,2022,sep,17
Mecca,Pandas,granny_smith,2022,oct,32
Mecca,Pandas,granny_smith,2022,nov,25
Mecca,Pandas,granny_smith,2022,dec,21
Mecca,Pandas,granny_smith,2023,jan,21
Mecca,Pandas,granny_smith,2023,feb,15
Mecca,Pandas,granny_smith,2023,mar,34
Mecca,Pandas,granny_smith,2023,apr,28
Mecca,Pandas,granny_smith,2023,may,29
Mecca,Pandas,granny_smith,2023,jun,14
Mecca,Pandas,granny_smith,2023,jul,14
Mecca,Pandas,granny_smith,2023,aug,25
Mecca,Pandas,granny_smith,2023,sep,18
Mecca,Pandas,granny_smith,2023,oct,31
Mecca,Pandas,granny_smith,2023,nov,27
Mecca,Pandas,granny_smith,2023,dec,19
Mecca,Pandas,granny_smith,2024,jan,22
Mecca,Pandas,granny_smith,2024,feb,14
Mecca,Pandas,granny_smith,2024,mar,35
Mecca,Pandas,granny_smith,2024,apr,28
Mecca,Pandas,granny_smith,2024,may,29
Mecca,Pandas,granny_smith,2024,jun,13
Mecca,Pandas,granny_smith,2024,jul,16
Mecca,Pandas,granny_smith,2024,aug,26
Mecca,Pandas,granny_smith,2024,sep,19
Mecca,Pandas,granny_smith,2024,oct,31
Mecca,Pandas,granny_smith,2024,nov,28
Mecca,Pandas,granny_smith,2024,dec,21
Mecca,Pandas,granny_smith,2025,jan,22
Mecca,Pandas,granny_smith,2025,apr,31
Mecca,Pandas,granny_smith,2025,may,30
Mecca,Pandas,granny_smith,2025,aug,26
Mecca,Pandas,pink_lady,2022,jan,17
Mecca,Pandas,pink_lady,2022,feb,12
Mecca,Pandas,pink_lady,2022,mar,24
Mecca,Pandas,pink_lady,2022,apr,17
Mecca,Pandas,pink_lady,2022,may,19
Mecca,Pandas,pink_lady,2022,jun,12
Mecca,Pandas,pink_lady,2022,jul,15
Mecca,Pandas,pink_lady,2022,aug,17
Mecca,Pandas,pink_lady,2022,sep,18
Mecca,Pandas,pink_lady,2022,oct,21
Mecca,Pandas,pink_lady,2022,nov,21
Mecca,Pandas,pink_lady,2022,dec,16
Mecca,Pandas,pink_lady,2023,jan,21
Mecca,Pandas,pink_lady,2023,feb,13
Mecca,Pandas,pink_lady,2023,mar,23
Mecca,Pandas,pink_lady,2023,apr,18
Mecca,Pandas,pink_lady,2023,may,19
Mecca,Pandas,pink_lady,2023,jun,12
Mecca,Pandas,pink_lady,2023,jul,16
Mecca,Pandas,pink_lady,2023,aug,20
Mecca,Pandas,pink_lady,2023,sep,20
Mecca,Pandas,pink_lady,2023,oct,24
Mecca,Pandas,pink_lady,2023,nov,23
Mecca,Pandas,pink_lady,2023,dec,16
Mecca,Pandas,pink_lady,2024,jan,19
Mecca,Pandas,pink_lady,2024,feb,13
Mecca,Pandas,pink_lady,2024,mar,25
Mecca,Pandas,pink_lady,2024,apr,17
Mecca,Pandas,pink_lady,2024,may,22
Mecca,Pandas,pink_lady,2024,jun,13
Mecca,Pandas,pink_lady,2024,jul,17
Mecca,Pandas,pink_lady,2024,aug,19
Mecca,Pandas,pink_lady,2024,sep,18
Mecca,Pandas,pink_lady,2024,oct,26
Mecca,Pandas,pink_lady,2024,nov,23
Mecca,Pandas,pink_lady,2024,dec,17
Mecca,Pandas,pink_lady,2025,jan,21
Mecca,Pandas,pink_lady,2025,apr,15
Mecca,Pandas,pink_lady,2025,may,23
Mecca,Pandas,pink_lady,2025,aug,20
Mecca,Pandas,royal_gala,2022,jan,18
Mecca,Pandas,royal_gala,2022,feb,19
Mecca,Pandas,royal_gala,2022,mar,30
Mecca,Pandas,royal_gala,2022,apr,23
Mecca,Pandas,royal_gala,2022,may,26
Mecca,Pandas,royal_gala,2022,jun,14
Mecca,Pandas,royal_gala,2022,jul,15
Mecca,Pandas,royal_gala,2022,aug,20
Mecca,Pandas,royal_gala,2022,sep,15
Mecca,Pandas,royal_gala,2022,oct,29
Mecca,Pandas,royal_gala,2022,nov,37
Mecca,Pandas,royal_gala,2022,dec,27
Mecca,Pandas,royal_gala,2023,jan,22
Mecca,Pandas,royal_gala,2023,feb,19
Mecca,Pandas,royal_gala,2023,mar,33
Mecca,Pandas,royal_gala,2023,apr,26
Mecca,Pandas,royal_gala,2023,may,27
Mecca,Pandas,royal_gala,2023,jun,12
Mecca,Pandas,royal_gala,2023,jul,16
Mecca,Pandas,royal_gala,2023,aug,23
Mecca,Pandas,royal_gala,2023,sep,18
Mecca,Pandas,royal_gala,2023,oct,32
Mecca,Pandas,royal_gala,2023,nov,32
Mecca,Pandas,royal_gala,2023,dec,27
Mecca,Pandas,royal_gala,2024,jan,23
Mecca,Pandas,royal_gala,2024,feb,20
Mecca,Pandas,royal_gala,2024,mar,35
Mecca,Pandas,royal_gala,2024,apr,26
Mecca,Pandas,royal_gala,2024,may,28
Mecca,Pandas,royal_gala,2024,jun,13
Mecca,Pandas,royal_gala,2024,jul,16
Mecca,Pandas,royal_gala,2024,aug,24
Mecca,Pandas,royal_gala,2024,sep,20
Mecca,Pandas,royal_gala,2024,oct,34
Mecca,Pandas,royal_gala,2024,nov,35
Mecca,Pandas,royal_gala,2024,dec,31
Mecca,Pandas,royal_gala,2025,jan,22
Mecca,Pandas,royal_gala,2025,apr,26
Mecca,Pandas,royal_gala,2025,may,29
Mecca,Pandas,royal_gala,2025,aug,24
Mecca,Tamini,fuji,2022,jan,22
Mecca,Tamini,fuji,2022,feb,17
Mecca,Tamini,fuji,2022,mar,32
Mecca,Tamini,fuji,2022,apr,27
Mecca,Tamini,fuji,2022,may,29
Mecca,Tamini,fuji,2022,jun,14
Mecca,Tamini,fuji,2022,jul,15
Mecca,Tamini,fuji,2022,aug,23
Mecca,Tamini,fuji,2022,sep,17
Mecca,Tamini,fuji,2022,oct,34
Mecca,Tamini,fuji,2022,nov,29
Mecca,Tamini,fuji,2022,dec,22
Mecca,Tamini,fuji,2023,jan,23
Mecca,Tamini,fuji,2023,feb,15
Mecca,Tamini,fuji,2023,mar,32
Mecca,Tamini,fuji,2023,apr,27
Mecca,Tamini,fuji,2023,may,31
Mecca,Tamini,fuji,2023,jun,14
Mecca,Tamini,fuji,2023,jul,14
Mecca,Tamini,fuji,2023,aug,24
Mecca,Tamini,fuji,2023,sep,17
Mecca,Tamini,fuji,2023,oct,39
Mecca,Tamini,fuji,2023,nov,27
Mecca,Tamini,fuji,2023,dec,20
Mecca,Tamini,fuji,2024,jan,20
Mecca,Tamini,fuji,2024,feb,16
Mecca,Tamini,fuji,2024,mar,35
Mecca,Tamini,fuji,2024,apr,28
Mecca,Tamini,fuji,2024,may,31
Mecca,Tamini,fuji,2024,jun,13
Mecca,Tamini,fuji,2024,jul,13
Mecca,Tamini,fuji,2024,aug,25
Mecca,Tamini,fuji,2024,sep,20
Mecca,Tamini,fuji,2024,oct,35
Mecca,Tamini,fuji,2024,nov,29
Mecca,Tamini,fuji,2024,dec,21
Mecca,Tamini,fuji,2025,jan,22
Mecca,Tamini,fuji,2025,apr,28
Mecca,Tamini,fuji,2025,may,32
Mecca,Tamini,fuji,2025,aug,24
Mecca,Tamini,golden_delicious,2022,jan,19
Mecca,Tamini,golden_delicious,2022,feb,15
Mecca,Tamini,golden_delicious,2022,mar,31
Mecca,Tamini,golden_delicious,2022,apr,26
Mecca,Tamini,golden_delicious,2022,may,32
Mecca,Tamini,golden_delicious,2022,jun,12
Mecca,Tamini,golden_delicious,2022,jul,14
Mecca,Tamini,golden_delicious,2022,aug,25
Mecca,Tamini,golden_delicious,2022,sep,16
Mecca,Tamini,golden_delicious,2022,oct,32
Mecca,Tamini,golden_delicious,2022,nov,30
Mecca,Tamini,golden_delicious,2022,dec,22
Mecca,Tamini,golden_delicious,2023,jan,20
Mecca,Tamini,golden_delicious,2023,feb,15
Mecca,Tamini,golden_delicious,2023,mar,29
Mecca,Tamini,golden_delicious,2023,apr,27
Mecca,Tamini,golden_delicious,2023,may,29
Mecca,Tamini,golden_delicious,2023,jun,12
Mecca,Tamini,golden_delicious,2023,jul,16
Mecca,Tamini,golden_delicious,2023,aug,24
Mecca,Tamini,golden_delicious,2023,sep,17
Mecca,Tamini,golden_delicious,2023,oct,27
Mecca,Tamini,golden_delicious,2023,nov,25
Mecca,Tamini,golden_delicious,2023,dec,20
Mecca,Tamini,golden_delicious,2024,jan,21
Mecca,Tamini,golden_delicious,2024,feb,15
Mecca,Tamini,golden_delicious,2024,mar,30
Mecca,Tamini,golden_delicious,2024,apr,25
Mecca,Tamini,golden_delicious,2024,may,29
Mecca,Tamini,golden_delicious,2024,jun,13
Mecca,Tamini,golden_delicious,2024,jul,15
Mecca,Tamini,golden_delicious,2024,aug,24
Mecca,Tamini,golden_delicious,2024,sep,17
Mecca,Tamini,golden_delicious,2024,oct,28
Mecca,Tamini,golden_delicious,2024,nov,24
Mecca,Tamini,golden_delicious,2024,dec,20
Mecca,Tamini,golden_delicious,2025,jan,21
Mecca,Tamini,golden_delicious,2025,apr,22
Mecca,Tamini,golden_delicious,2025,may,25
Mecca,Tamini,golden_delicious,2025,aug,22
Mecca,Tamini,granny_smith,2022,jan,18
Mecca,Tamini,granny_smith,2022,feb,13
Mecca,Tamini,granny_smith,2022,mar,26
Mecca,Tamini,granny_smith,2022,apr,22
Mecca,Tamini,granny_smith,2022,may,22
Mecca,Tamini,granny_smith,2022,jun,10
Mecca,Tamini,granny_smith,2022,jul,12
Mecca,Tamini,granny_smith,2022,aug,20
Mecca,Tamini,granny_smith,2022,sep,13
Mecca,Tamini,granny_smith,2022,oct,24
Mecca,Tamini,granny_smith,2022,nov,19
Mecca,Tamini,granny_smith,2022,dec,15
Mecca,Tamini,granny_smith,2023,jan,18
Mecca,Tamini,granny_smith,2023,feb,12
Mecca,Tamini,granny_smith,2023,mar,28
Mecca,Tamini,granny_smith,2023,apr,22
Mecca,Tamini,granny_smith,2023,may,26
Mecca,Tamini,granny_smith,2023,jun,11
Mecca,Tamini,granny_smith,2023,jul,13
Mecca,Tamini,granny_smith,2023,aug,19
Mecca,Tamini,granny_smith,2023,sep,14
Mecca,Tamini,granny_smith,2023,oct,24
Mecca,Tamini,granny_smith,2023,nov,21
Mecca,Tamini,granny_smith,2023,dec,16
Mecca,Tamini,granny_smith,2024,jan,19
Mecca,Tamini,granny_smith,2024,feb,11
Mecca,Tamini,granny_smith,2024,mar,28
Mecca,Tamini,granny_smith,2024,apr,22
Mecca,Tamini,granny_smith,2024,may,25
Mecca,Tamini,granny_smith,2024,jun,11
Mecca,Tamini,granny_smith,2024,jul,12
Mecca,Tamini,granny_smith,2024,aug,20
Mecca,Tamini,granny_smith,2024,sep,13
Mecca,Tamini,granny_smith,2024,oct,24
Mecca,Tamini,granny_smith,2024,nov,22
Mecca,Tamini,granny_smith,2024,dec,15
Mecca,Tamini,granny_smith,2025,jan,18
Mecca,Tamini,granny_smith,2025,apr,22
Mecca,Tamini,granny_smith,2025,may,24
Mecca,Tamini,granny_smith,2025,aug,21
Mecca,Tamini,pink_lady,2022,jan,18
Mecca,Tamini,pink_lady,2022,feb,12
Mecca,Tamini,pink_lady,2022,mar,21
Mecca,Tamini,pink_lady,2022,apr,16
Mecca,Tamini,pink_lady,2022,may,21
Mecca,Tamini,pink_lady,2022,jun,13
Mecca,Tamini,pink_lady,2022,jul,15
Mecca,Tamini,pink_lady,2022,aug,15
Mecca,Tamini,pink_lady,2022,sep,17
Mecca,Tamini,pink_lady,2022,oct,20
Mecca,Tamini,pink_lady,2022,nov,18
Mecca,Tamini,pink_lady,2022,dec,14
Mecca,Tamini,pink_lady,2023,jan,19
Mecca,Tamini,pink_lady,2023,feb,12
Mecca,Tamini,pink_lady,2023,mar,23
Mecca,Tamini,pink_lady,2023,apr,18
Mecca,Tamini,pink_lady,2023,may,19
Mecca,Tamini,pink_lady,2023,jun,12
Mecca,Tamini,pink_lady,2023,jul,12
Mecca,Tamini,pink_lady,2023,aug,17
Mecca,Tamini,pink_lady,2023,sep,18
Mecca,Tamini,pink_lady,2023,oct,24
Mecca,Tamini,pink_lady,2023,nov,20
Mecca,Tamini,pink_lady,2023,dec,14
Mecca,Tamini,pink_lady,2024,jan,17
Mecca,Tamini,pink_lady,2024,feb,12
Mecca,Tamini,pink_lady,2024,mar,24
Mecca,Tamini,pink_lady,2024,apr,17
Mecca,Tamini,pink_lady,2024,may,18
Mecca,Tamini,pink_lady,2024,jun,12
Mecca,Tamini,pink_lady,2024,jul,15
Mecca,Tamini,pink_lady,2024,aug,18
Mecca,Tamini,pink_lady,2024,sep,21
Mecca,Tamini,pink_lady,2024,oct,25
Mecca,Tamini,pink_lady,2024,nov,22
Mecca,Tamini,pink_lady,2024,dec,15
Mecca,Tamini,pink_lady,2025,jan,17
Mecca,Tamini,pink_lady,2025,apr,16
Mecca,Tamini,pink_lady,2025,may,19
Mecca,Tamini,pink_lady,2025,aug,18
Mecca,Tamini,royal_gala,2022,jan,20
Mecca,Tamini,royal_gala,2022,feb,23
Mecca,Tamini,royal_gala,2022,mar,32
Mecca,Tamini,royal_gala,2022,apr,24
Mecca,Tamini,royal_gala,2022,may,27
Mecca,Tamini,royal_gala,2022,jun,14
Mecca,Tamini,royal_gala,2022,jul,16
Mecca,Tamini,royal_gala,2022,aug,22
Mecca,Tamini,royal_gala,2022,sep,17
Mecca,Tamini,royal_gala,2022,oct,33
Mecca,Tamini,royal_gala,2022,nov,33
Mecca,Tamini,royal_gala,2022,dec,29
Mecca,Tamini,royal_gala,2023,jan,19
Mecca,Tamini,royal_gala,2023,feb,21
Mecca,Tamini,royal_gala,2023,mar,35
Mecca,Tamini,royal_gala,2023,apr,27
Mecca,Tamini,royal_gala,2023,may,29
Mecca,Tamini,royal_gala,2023,jun,14
Mecca,Tamini,royal_gala,2023,jul,16
Mecca,Tamini,royal_gala,2023,aug,23
Mecca,Tamini,royal_gala,2023,sep,16
Mecca,Tamini,royal_gala,2023,oct,34
Mecca,Tamini,royal_gala,2023,nov,40
Mecca,Tamini,royal_gala,2023,dec,32
Mecca,Tamini,royal_gala,2024,jan,21
Mecca,Tamini,royal_gala,2024,feb,21
Mecca,Tamini,royal_gala,2024,mar,34
Mecca,Tamini,royal_gala,2024,apr,25
Mecca,Tamini,royal_gala,2024,may,32
Mecca,Tamini,royal_gala,2024,jun,13
Mecca,Tamini,royal_gala,2024,jul,16
Mecca,Tamini,royal_gala,2024,aug,22
Mecca,Tamini,royal_gala,2024,sep,17
Mecca,Tamini,royal_gala,2024,oct,35
Mecca,Tamini,royal_gala,2024,nov,38
Mecca,Tamini,royal_gala,2024,dec,30
Mecca,Tamini,royal_gala,2025,jan,19
Mecca,Tamini,royal_gala,2025,apr,26
Mecca,Tamini,royal_gala,2025,may,29
Mecca,Tamini,royal_gala,2025,aug,25